Time,StepCount,look_ahead_distance_meter,prev_wp_x,prev_wp_y,next_wp_x,next_wp_y,os_x,os_y,final_heading_rad,chi_desired_rad,chi_desired_deg,last_wp_active
3,3,50.000000,-140.000000,-190.000000,-30.000000,-100.000000,-139.918942,-189.939869,0.000000,0.685825,39.294896,0
4,4,50.000000,-140.000000,-190.000000,-30.000000,-100.000000,-139.928562,-189.807286,0.000000,0.683651,39.170329,0
5,5,50.000000,-140.000000,-190.000000,-30.000000,-100.000000,-140.004452,-189.630784,0.000000,0.679958,38.958726,0
6,6,50.000000,-140.000000,-190.000000,-30.000000,-100.000000,-140.140421,-189.416371,0.000000,0.674917,38.669922,0
7,7,50.000000,-140.000000,-190.000000,-30.000000,-100.000000,-140.333942,-189.170815,0.000000,0.668667,38.311786,0
8,8,50.000000,-140.000000,-190.000000,-30.000000,-100.000000,-140.582845,-188.900012,0.000000,0.661326,37.891183,0
9,9,50.000000,-140.000000,-190.000000,-30.000000,-100.000000,-140.885266,-188.609114,0.000000,0.653000,37.414132,0
10,10,50.000000,-140.000000,-190.000000,-30.000000,-100.000000,-141.239604,-188.302653,0.000000,0.643781,36.885955,0
11,11,50.000000,-140.000000,-190.000000,-30.000000,-100.000000,-141.644522,-187.984605,0.000000,0.633752,36.311333,0
12,12,50.000000,-140.000000,-190.000000,-30.000000,-100.000000,-142.100920,-187.655552,0.000000,0.622915,35.690376,0
13,13,50.000000,-140.000000,-190.000000,-30.000000,-100.000000,-142.609689,-187.316058,0.000000,0.611271,35.023261,0
14,14,50.000000,-140.000000,-190.000000,-30.000000,-100.000000,-143.021712,-186.966625,0.000000,0.600712,34.418242,0
15,15,50.000000,-140.000000,-190.000000,-30.000000,-100.000000,-143.338076,-186.607813,0.000000,0.591228,33.874856,0
16,16,50.000000,-140.000000,-190.000000,-30.000000,-100.000000,-143.559872,-186.240323,0.000000,0.582813,33.392720,0
17,17,50.000000,-140.000000,-190.000000,-30.000000,-100.000000,-143.689947,-185.862404,0.000000,0.575401,32.968028,0
18,18,50.000000,-140.000000,-190.000000,-30.000000,-100.000000,-143.731873,-185.471351,0.000000,0.568901,32.595630,0
19,19,50.000000,-140.000000,-190.000000,-30.000000,-100.000000,-143.688941,-185.064921,0.000000,0.563236,32.271019,0
20,20,50.000000,-140.000000,-190.000000,-30.000000,-100.000000,-143.567138,-184.643295,0.000000,0.558329,31.989903,0
21,21,50.000000,-140.000000,-190.000000,-30.000000,-100.000000,-143.374251,-184.208387,0.000000,0.554112,31.748253,0
22,22,50.000000,-140.000000,-190.000000,-30.000000,-100.000000,-143.117262,-183.762006,0.000000,0.550521,31.542548,0
23,23,50.000000,-140.000000,-190.000000,-30.000000,-100.000000,-142.802434,-183.305843,0.000000,0.547505,31.369704,0
24,24,50.000000,-140.000000,-190.000000,-30.000000,-100.000000,-142.435387,-182.841470,0.000000,0.545014,31.227012,0
25,25,50.000000,-140.000000,-190.000000,-30.000000,-100.000000,-142.021162,-182.370338,0.000000,0.543008,31.112087,0
26,26,50.000000,-140.000000,-190.000000,-30.000000,-100.000000,-141.564289,-181.893770,0.000000,0.541450,31.022811,0
27,27,50.000000,-140.000000,-190.000000,-30.000000,-100.000000,-141.068839,-181.412964,0.000000,0.540307,30.957300,0
28,28,50.000000,-140.000000,-190.000000,-30.000000,-100.000000,-140.538469,-180.928991,0.000000,0.539549,30.913862,0
29,29,50.000000,-140.000000,-190.000000,-30.000000,-100.000000,-139.976474,-180.442803,0.000000,0.539149,30.890969,0
30,30,50.000000,-140.000000,-190.000000,-30.000000,-100.000000,-139.385818,-179.955228,0.000000,0.539084,30.887227,0
31,31,50.000000,-140.000000,-190.000000,-30.000000,-100.000000,-138.769175,-179.466982,0.000000,0.539330,30.901358,0
32,32,50.000000,-140.000000,-190.000000,-30.000000,-100.000000,-138.128957,-178.978670,0.000000,0.539868,30.932178,0
33,33,50.000000,-140.000000,-190.000000,-30.000000,-100.000000,-137.467342,-178.490793,0.000000,0.540678,30.978581,0
34,34,50.000000,-140.000000,-190.000000,-30.000000,-100.000000,-136.786299,-178.003751,0.000000,0.541742,31.039527,0
35,35,50.000000,-140.000000,-190.000000,-30.000000,-100.000000,-136.087611,-177.517855,0.000000,0.543042,31.114033,0
36,36,50.000000,-140.000000,-190.000000,-30.000000,-100.000000,-135.372893,-177.033331,0.000000,0.544563,31.201161,0
37,37,50.000000,-140.000000,-190.000000,-30.000000,-100.000000,-134.643610,-176.550326,0.000000,0.546288,31.300011,0
38,38,50.000000,-140.000000,-190.000000,-30.000000,-100.000000,-133.901093,-176.068914,0.000000,0.548203,31.409719,0
39,39,50.000000,-140.000000,-190.000000,-30.000000,-100.000000,-133.146552,-175.589106,0.000000,0.550293,31.529447,0
40,40,50.000000,-140.000000,-190.000000,-30.000000,-100.000000,-132.381089,-175.110855,0.000000,0.552543,31.658385,0
41,41,50.000000,-140.000000,-190.000000,-30.000000,-100.000000,-131.605710,-174.634062,0.000000,0.554940,31.795745,0
42,42,50.000000,-140.000000,-190.000000,-30.000000,-100.000000,-130.821333,-174.158583,0.000000,0.557471,31.940760,0
43,43,50.000000,-140.000000,-190.000000,-30.000000,-100.000000,-130.028797,-173.684234,0.000000,0.560123,32.092684,0
44,44,50.000000,-140.000000,-190.000000,-30.000000,-100.000000,-129.228872,-173.210798,0.000000,0.562882,32.250788,0
45,45,50.000000,-140.000000,-190.000000,-30.000000,-100.000000,-128.422265,-172.738030,0.000000,0.565737,32.414363,0
46,46,50.000000,-140.000000,-190.000000,-30.000000,-100.000000,-127.609624,-172.265661,0.000000,0.568676,32.582720,0
47,47,50.000000,-140.000000,-190.000000,-30.000000,-100.000000,-126.791547,-171.793407,0.000000,0.571686,32.755185,0
48,48,50.000000,-140.000000,-190.000000,-30.000000,-100.000000,-125.968586,-171.320966,0.000000,0.574756,32.931107,0
49,49,50.000000,-140.000000,-190.000000,-30.000000,-100.000000,-125.141251,-170.848031,0.000000,0.577876,33.109854,0
50,50,50.000000,-140.000000,-190.000000,-30.000000,-100.000000,-124.310014,-170.374286,0.000000,0.581034,33.290812,0
51,51,50.000000,-140.000000,-190.000000,-30.000000,-100.000000,-123.475312,-169.899416,0.000000,0.584221,33.473390,0
52,52,50.000000,-140.000000,-190.000000,-30.000000,-100.000000,-122.637552,-169.423106,0.000000,0.587426,33.657020,0
53,53,50.000000,-140.000000,-190.000000,-30.000000,-100.000000,-121.797113,-168.945046,0.000000,0.590640,33.841155,0
54,54,50.000000,-140.000000,-190.000000,-30.000000,-100.000000,-120.954347,-168.464933,0.000000,0.593853,34.025271,0
55,55,50.000000,-140.000000,-190.000000,-30.000000,-100.000000,-120.109584,-167.982473,0.000000,0.597057,34.208868,0
56,56,50.000000,-140.000000,-190.000000,-30.000000,-100.000000,-119.263132,-167.497385,0.000000,0.600244,34.391474,0
57,57,50.000000,-140.000000,-190.000000,-30.000000,-100.000000,-118.415278,-167.009400,0.000000,0.603406,34.572638,0
58,58,50.000000,-140.000000,-190.000000,-30.000000,-100.000000,-117.566293,-166.518266,0.000000,0.606536,34.751937,0
59,59,50.000000,-140.000000,-190.000000,-30.000000,-100.000000,-116.716428,-166.023747,0.000000,0.609626,34.928974,0
60,60,50.000000,-140.000000,-190.000000,-30.000000,-100.000000,-115.865920,-165.525623,0.000000,0.612670,35.103380,0
61,61,50.000000,-140.000000,-190.000000,-30.000000,-100.000000,-115.014990,-165.023695,0.000000,0.615662,35.274810,0
62,62,50.000000,-140.000000,-190.000000,-30.000000,-100.000000,-114.163847,-164.517784,0.000000,0.618596,35.442950,0
63,63,50.000000,-140.000000,-190.000000,-30.000000,-100.000000,-113.312683,-164.007727,0.000000,0.621468,35.607509,0
64,64,50.000000,-140.000000,-190.000000,-30.000000,-100.000000,-112.461681,-163.493386,0.000000,0.624273,35.768227,0
65,65,50.000000,-140.000000,-190.000000,-30.000000,-100.000000,-111.611010,-162.974640,0.000000,0.627007,35.924868,0
66,66,50.000000,-140.000000,-190.000000,-30.000000,-100.000000,-110.760827,-162.451391,0.000000,0.629666,36.077225,0
67,67,50.000000,-140.000000,-190.000000,-30.000000,-100.000000,-109.911278,-161.923560,0.000000,0.632248,36.225117,0
68,68,50.000000,-140.000000,-190.000000,-30.000000,-100.000000,-109.062499,-161.391088,0.000000,0.634748,36.368387,0
69,69,50.000000,-140.000000,-190.000000,-30.000000,-100.000000,-108.214614,-160.853937,0.000000,0.637166,36.506906,0
70,70,50.000000,-140.000000,-190.000000,-30.000000,-100.000000,-107.367738,-160.312086,0.000000,0.639499,36.640568,0
71,71,50.000000,-140.000000,-190.000000,-30.000000,-100.000000,-106.521976,-159.765536,0.000000,0.641745,36.769293,0
72,72,50.000000,-140.000000,-190.000000,-30.000000,-100.000000,-105.677422,-159.214303,0.000000,0.643905,36.893022,0
73,73,50.000000,-140.000000,-190.000000,-30.000000,-100.000000,-104.834161,-158.658422,0.000000,0.645976,37.011720,0
74,74,50.000000,-140.000000,-190.000000,-30.000000,-100.000000,-103.992269,-158.097943,0.000000,0.647960,37.125374,0
75,75,50.000000,-140.000000,-190.000000,-30.000000,-100.000000,-103.151814,-157.532932,0.000000,0.649856,37.233989,0
76,76,50.000000,-140.000000,-190.000000,-30.000000,-100.000000,-102.312853,-156.963470,0.000000,0.651664,37.337593,0
77,77,50.000000,-140.000000,-190.000000,-30.000000,-100.000000,-101.475437,-156.389650,0.000000,0.653385,37.436230,0
78,78,50.000000,-140.000000,-190.000000,-30.000000,-100.000000,-100.639607,-155.811580,0.000000,0.655021,37.529962,0
79,79,50.000000,-140.000000,-190.000000,-30.000000,-100.000000,-99.805397,-155.229378,0.000000,0.656573,37.618866,0
80,80,50.000000,-140.000000,-190.000000,-30.000000,-100.000000,-98.972832,-154.643171,0.000000,0.658042,37.703037,0
81,81,50.000000,-140.000000,-190.000000,-30.000000,-100.000000,-98.141933,-154.053098,0.000000,0.659430,37.782580,0
82,82,50.000000,-140.000000,-190.000000,-30.000000,-100.000000,-97.312709,-153.459304,0.000000,0.660740,37.857616,0
83,83,50.000000,-140.000000,-190.000000,-30.000000,-100.000000,-96.485167,-152.861942,0.000000,0.661973,37.928276,0
84,84,50.000000,-140.000000,-190.000000,-30.000000,-100.000000,-95.659306,-152.261173,0.000000,0.663133,37.994700,0
85,85,50.000000,-140.000000,-190.000000,-30.000000,-100.000000,-94.835117,-151.657160,0.000000,0.664221,38.057038,0
86,86,50.000000,-140.000000,-190.000000,-30.000000,-100.000000,-94.012589,-151.050071,0.000000,0.665240,38.115449,0
87,87,50.000000,-140.000000,-190.000000,-30.000000,-100.000000,-93.191703,-150.440079,0.000000,0.666194,38.170097,0
88,88,50.000000,-140.000000,-190.000000,-30.000000,-100.000000,-92.372436,-149.827358,0.000000,0.667085,38.221152,0
89,89,50.000000,-140.000000,-190.000000,-30.000000,-100.000000,-91.554761,-149.212082,0.000000,0.667916,38.268789,0
90,90,50.000000,-140.000000,-190.000000,-30.000000,-100.000000,-90.738646,-148.594427,0.000000,0.668691,38.313187,0
91,91,50.000000,-140.000000,-190.000000,-30.000000,-100.000000,-89.924057,-147.974568,0.000000,0.669413,38.354526,0
92,92,50.000000,-140.000000,-190.000000,-30.000000,-100.000000,-89.110953,-147.352679,0.000000,0.670084,38.392987,0
93,93,50.000000,-140.000000,-190.000000,-30.000000,-100.000000,-88.299295,-146.728933,0.000000,0.670708,38.428754,0
94,94,50.000000,-140.000000,-190.000000,-30.000000,-100.000000,-87.489037,-146.103498,0.000000,0.671289,38.462008,0
95,95,50.000000,-140.000000,-190.000000,-30.000000,-100.000000,-86.680133,-145.476541,0.000000,0.671828,38.492930,0
96,96,50.000000,-140.000000,-190.000000,-30.000000,-100.000000,-85.872535,-144.848223,0.000000,0.672330,38.521700,0
97,97,50.000000,-140.000000,-190.000000,-30.000000,-100.000000,-85.066193,-144.218704,0.000000,0.672798,38.548492,0
98,98,50.000000,-140.000000,-190.000000,-30.000000,-100.000000,-84.261056,-143.588135,0.000000,0.673234,38.573481,0
99,99,50.000000,-140.000000,-190.000000,-30.000000,-100.000000,-83.457071,-142.956664,0.000000,0.673642,38.596833,0
100,100,50.000000,-140.000000,-190.000000,-30.000000,-100.000000,-82.654186,-142.324434,0.000000,0.674024,38.618715,0
101,101,50.000000,-140.000000,-190.000000,-30.000000,-100.000000,-81.852349,-141.691580,0.000000,0.674383,38.639283,0
102,102,50.000000,-140.000000,-190.000000,-30.000000,-100.000000,-81.051505,-141.058231,0.000000,0.674721,38.658692,0
103,103,50.000000,-140.000000,-190.000000,-30.000000,-100.000000,-80.251603,-140.424511,0.000000,0.675043,38.677089,0
104,104,50.000000,-140.000000,-190.000000,-30.000000,-100.000000,-79.452589,-139.790536,0.000000,0.675348,38.694615,0
105,105,50.000000,-140.000000,-190.000000,-30.000000,-100.000000,-78.654413,-139.156414,0.000000,0.675641,38.711403,0
106,106,50.000000,-140.000000,-190.000000,-30.000000,-100.000000,-77.857023,-138.522247,0.000000,0.675924,38.727581,0
107,107,50.000000,-140.000000,-190.000000,-30.000000,-100.000000,-77.060369,-137.888131,0.000000,0.676198,38.743270,0
108,108,50.000000,-140.000000,-190.000000,-30.000000,-100.000000,-76.264403,-137.254153,0.000000,0.676465,38.758582,0
109,109,50.000000,-140.000000,-190.000000,-30.000000,-100.000000,-75.469078,-136.620392,0.000000,0.676727,38.773623,0
110,110,50.000000,-140.000000,-190.000000,-30.000000,-100.000000,-74.674348,-135.986923,0.000000,0.676987,38.788490,0
111,111,50.000000,-140.000000,-190.000000,-30.000000,-100.000000,-73.880168,-135.353812,0.000000,0.677245,38.803275,0
112,112,50.000000,-140.000000,-190.000000,-30.000000,-100.000000,-73.086497,-134.721116,0.000000,0.677503,38.818060,0
113,113,50.000000,-140.000000,-190.000000,-30.000000,-100.000000,-72.293294,-134.088889,0.000000,0.677762,38.832921,0
114,114,50.000000,-140.000000,-190.000000,-30.000000,-100.000000,-71.500521,-133.457176,0.000000,0.678024,38.847926,0
115,115,50.000000,-140.000000,-190.000000,-30.000000,-100.000000,-70.708140,-132.826015,0.000000,0.678290,38.863136,0
116,116,50.000000,-140.000000,-190.000000,-30.000000,-100.000000,-69.916116,-132.195439,0.000000,0.678560,38.878605,0
117,117,50.000000,-140.000000,-190.000000,-30.000000,-100.000000,-69.124418,-131.565474,0.000000,0.678835,38.894381,0
118,118,50.000000,-140.000000,-190.000000,-30.000000,-100.000000,-68.333015,-130.936141,0.000000,0.679116,38.910502,0
119,119,50.000000,-140.000000,-190.000000,-30.000000,-100.000000,-67.541877,-130.307453,0.000000,0.679404,38.927004,0
120,120,50.000000,-140.000000,-190.000000,-30.000000,-100.000000,-66.750979,-129.679421,0.000000,0.679699,38.943913,0
121,121,50.000000,-140.000000,-190.000000,-30.000000,-100.000000,-65.960296,-129.052048,0.000000,0.680002,38.961250,0
122,122,50.000000,-140.000000,-190.000000,-30.000000,-100.000000,-65.169805,-128.425333,0.000000,0.680312,38.979032,0
123,123,50.000000,-140.000000,-190.000000,-30.000000,-100.000000,-64.379486,-127.799271,0.000000,0.680631,38.997269,0
124,124,50.000000,-140.000000,-190.000000,-30.000000,-100.000000,-63.589320,-127.173853,0.000000,0.680957,39.015965,0
125,125,50.000000,-140.000000,-190.000000,-30.000000,-100.000000,-62.799291,-126.549065,0.000000,0.681291,39.035121,0
126,126,50.000000,-140.000000,-190.000000,-30.000000,-100.000000,-62.009383,-125.924889,0.000000,0.681634,39.054731,0
127,127,50.000000,-140.000000,-190.000000,-30.000000,-100.000000,-61.219585,-125.301305,0.000000,0.681984,39.074788,0
128,128,50.000000,-140.000000,-190.000000,-30.000000,-100.000000,-60.429884,-124.678290,0.000000,0.682341,39.095278,0
129,129,50.000000,-140.000000,-190.000000,-30.000000,-100.000000,-59.640271,-124.055817,0.000000,0.682706,39.116185,0
130,130,50.000000,-140.000000,-190.000000,-30.000000,-100.000000,-58.850738,-123.433857,0.000000,0.683078,39.137490,0
131,131,50.000000,-140.000000,-190.000000,-30.000000,-100.000000,-58.061278,-122.812380,0.000000,0.683456,39.159169,0
132,132,50.000000,-140.000000,-190.000000,-30.000000,-100.000000,-57.271887,-122.191352,0.000000,0.683841,39.181197,0
133,133,50.000000,-140.000000,-190.000000,-30.000000,-100.000000,-56.482561,-121.570740,0.000000,0.684231,39.203547,0
134,134,50.000000,-140.000000,-190.000000,-30.000000,-100.000000,-55.693298,-120.950508,0.000000,0.684626,39.226189,0
135,135,50.000000,-140.000000,-190.000000,-30.000000,-100.000000,-54.904095,-120.330620,0.000000,0.685026,39.249091,0
136,136,50.000000,-140.000000,-190.000000,-30.000000,-100.000000,-54.114954,-119.711037,0.000000,0.685430,39.272219,0
137,137,50.000000,-140.000000,-190.000000,-30.000000,-100.000000,-53.325875,-119.091723,0.000000,0.685837,39.295540,0
138,138,50.000000,-140.000000,-190.000000,-30.000000,-100.000000,-52.536861,-118.472638,0.000000,0.686246,39.319019,0
139,139,50.000000,-140.000000,-190.000000,-30.000000,-100.000000,-51.747913,-117.853746,0.000000,0.686658,39.342619,0
140,140,50.000000,-140.000000,-190.000000,-30.000000,-100.000000,-50.959037,-117.235007,0.000000,0.687072,39.366304,0
141,141,50.000000,-140.000000,-190.000000,-30.000000,-100.000000,-50.170235,-116.616385,0.000000,0.687486,39.390038,0
142,142,50.000000,-140.000000,-190.000000,-30.000000,-100.000000,-49.381514,-115.997842,0.000000,0.687900,39.413784,0
143,143,50.000000,-140.000000,-190.000000,-30.000000,-100.000000,-48.592878,-115.379342,0.000000,0.688314,39.437506,0
144,144,50.000000,-30.000000,-100.000000,-10.000000,-50.000000,-47.804334,-114.760849,0.000000,0.972808,55.737770,0
145,145,50.000000,-30.000000,-100.000000,-10.000000,-50.000000,-47.015888,-114.142330,0.000000,0.982407,56.287758,0
146,146,50.000000,-30.000000,-100.000000,-10.000000,-50.000000,-46.279664,-113.564983,0.000000,0.991407,56.803423,0
147,147,50.000000,-30.000000,-100.000000,-10.000000,-50.000000,-45.596475,-113.029447,0.000000,0.999789,57.283713,0
148,148,50.000000,-30.000000,-100.000000,-10.000000,-50.000000,-44.962530,-112.530973,0.000000,1.007581,57.730144,0
149,149,50.000000,-30.000000,-100.000000,-10.000000,-50.000000,-44.373621,-112.062389,0.000000,1.014800,58.143739,0
150,150,50.000000,-30.000000,-100.000000,-10.000000,-50.000000,-43.825871,-111.617572,0.000000,1.021466,58.525665,0
151,151,50.000000,-30.000000,-100.000000,-10.000000,-50.000000,-43.315729,-111.191320,0.000000,1.027601,58.877190,0
152,152,50.000000,-30.000000,-100.000000,-10.000000,-50.000000,-42.839953,-110.779239,0.000000,1.033229,59.199634,0
153,153,50.000000,-30.000000,-100.000000,-10.000000,-50.000000,-42.395601,-110.377644,0.000000,1.038372,59.494346,0
154,154,50.000000,-30.000000,-100.000000,-10.000000,-50.000000,-41.980001,-109.983470,0.000000,1.043056,59.762678,0
155,155,50.000000,-30.000000,-100.000000,-10.000000,-50.000000,-41.590734,-109.594197,0.000000,1.047302,60.005976,0
156,156,50.000000,-30.000000,-100.000000,-10.000000,-50.000000,-41.225611,-109.207777,0.000000,1.051134,60.225568,0
157,157,50.000000,-30.000000,-100.000000,-10.000000,-50.000000,-40.882650,-108.822579,0.000000,1.054576,60.422758,0
158,158,50.000000,-30.000000,-100.000000,-10.000000,-50.000000,-40.560051,-108.437328,0.000000,1.057649,60.598825,0
159,159,50.000000,-30.000000,-100.000000,-10.000000,-50.000000,-40.256179,-108.051065,0.000000,1.060375,60.755021,0
160,160,50.000000,-30.000000,-100.000000,-10.000000,-50.000000,-39.969547,-107.663097,0.000000,1.062776,60.892569,0
161,161,50.000000,-30.000000,-100.000000,-10.000000,-50.000000,-39.698792,-107.272965,0.000000,1.064872,61.012665,0
162,162,50.000000,-30.000000,-100.000000,-10.000000,-50.000000,-39.442667,-106.880407,0.000000,1.066684,61.116479,0
163,163,50.000000,-30.000000,-100.000000,-10.000000,-50.000000,-39.200022,-106.485329,0.000000,1.068231,61.205153,0
164,164,50.000000,-30.000000,-100.000000,-10.000000,-50.000000,-38.969796,-106.087778,0.000000,1.069534,61.279801,0
165,165,50.000000,-30.000000,-100.000000,-10.000000,-50.000000,-38.751004,-105.687919,0.000000,1.070611,61.341513,0
166,166,50.000000,-30.000000,-100.000000,-10.000000,-50.000000,-38.542732,-105.286014,0.000000,1.071481,61.391346,0
167,167,50.000000,-30.000000,-100.000000,-10.000000,-50.000000,-38.344125,-104.882400,0.000000,1.072162,61.430332,0
168,168,50.000000,-30.000000,-100.000000,-10.000000,-50.000000,-38.154385,-104.477478,0.000000,1.072670,61.459471,0
169,169,50.000000,-30.000000,-100.000000,-10.000000,-50.000000,-37.972763,-104.071693,0.000000,1.073024,61.479731,0
170,170,50.000000,-30.000000,-100.000000,-10.000000,-50.000000,-37.798558,-103.665522,0.000000,1.073239,61.492048,0
171,171,50.000000,-30.000000,-100.000000,-10.000000,-50.000000,-37.631111,-103.259468,0.000000,1.073331,61.497322,0
172,172,50.000000,-30.000000,-100.000000,-10.000000,-50.000000,-37.469804,-102.854042,0.000000,1.073315,61.496415,0
173,173,50.000000,-30.000000,-100.000000,-10.000000,-50.000000,-37.314057,-102.449759,0.000000,1.073206,61.490154,0
174,174,50.000000,-30.000000,-100.000000,-10.000000,-50.000000,-37.163325,-102.047131,0.000000,1.073017,61.479325,0
175,175,50.000000,-30.000000,-100.000000,-10.000000,-50.000000,-37.017100,-101.646658,0.000000,1.072761,61.464671,0
176,176,50.000000,-30.000000,-100.000000,-10.000000,-50.000000,-36.874906,-101.248823,0.000000,1.072451,61.446896,0
177,177,50.000000,-30.000000,-100.000000,-10.000000,-50.000000,-36.736300,-100.854091,0.000000,1.072097,61.426661,0
178,178,50.000000,-30.000000,-100.000000,-10.000000,-50.000000,-36.600869,-100.462899,0.000000,1.071712,61.404581,0
179,179,50.000000,-30.000000,-100.000000,-10.000000,-50.000000,-36.468233,-100.075659,0.000000,1.071305,61.381231,0
180,180,50.000000,-30.000000,-100.000000,-10.000000,-50.000000,-36.338037,-99.692751,0.000000,1.070884,61.357140,0
181,181,50.000000,-30.000000,-100.000000,-10.000000,-50.000000,-36.209959,-99.314524,0.000000,1.070459,61.332795,0
182,182,50.000000,-30.000000,-100.000000,-10.000000,-50.000000,-36.083699,-98.941293,0.000000,1.070038,61.308640,0
183,183,50.000000,-30.000000,-100.000000,-10.000000,-50.000000,-35.958987,-98.573338,0.000000,1.069626,61.285078,0
184,184,50.000000,-30.000000,-100.000000,-10.000000,-50.000000,-35.835576,-98.210905,0.000000,1.069232,61.262471,0
185,185,50.000000,-30.000000,-100.000000,-10.000000,-50.000000,-35.713241,-97.854204,0.000000,1.068860,61.241140,0
186,186,50.000000,-30.000000,-100.000000,-10.000000,-50.000000,-35.591783,-97.503410,0.000000,1.068514,61.221370,0
187,187,50.000000,-30.000000,-100.000000,-10.000000,-50.000000,-35.471021,-97.158666,0.000000,1.068201,61.203408,0
188,188,50.000000,-30.000000,-100.000000,-10.000000,-50.000000,-35.350793,-96.820076,0.000000,1.067923,61.187468,0
189,189,50.000000,-30.000000,-100.000000,-10.000000,-50.000000,-35.230958,-96.487717,0.000000,1.067683,61.173729,0
190,190,50.000000,-30.000000,-100.000000,-10.000000,-50.000000,-35.111390,-96.161629,0.000000,1.067484,61.162340,0
191,191,50.000000,-30.000000,-100.000000,-10.000000,-50.000000,-34.991980,-95.841827,0.000000,1.067329,61.153422,0
192,192,50.000000,-30.000000,-100.000000,-10.000000,-50.000000,-34.872630,-95.528291,0.000000,1.067218,61.147066,0
193,193,50.000000,-30.000000,-100.000000,-10.000000,-50.000000,-34.753260,-95.220980,0.000000,1.067153,61.143341,0
194,194,50.000000,-30.000000,-100.000000,-10.000000,-50.000000,-34.633799,-94.919821,0.000000,1.067134,61.142291,0
195,195,50.000000,-30.000000,-100.000000,-10.000000,-50.000000,-34.514187,-94.624723,0.000000,1.067163,61.143939,0
196,196,50.000000,-30.000000,-100.000000,-10.000000,-50.000000,-34.394373,-94.335569,0.000000,1.067239,61.148290,0
197,197,50.000000,-30.000000,-100.000000,-10.000000,-50.000000,-34.274316,-94.052222,0.000000,1.067362,61.155331,0
198,198,50.000000,-30.000000,-100.000000,-10.000000,-50.000000,-34.153982,-93.774528,0.000000,1.067531,61.165031,0
199,199,50.000000,-30.000000,-100.000000,-10.000000,-50.000000,-34.033344,-93.502316,0.000000,1.067746,61.177349,0
200,200,50.000000,-30.000000,-100.000000,-10.000000,-50.000000,-33.912381,-93.235400,0.000000,1.068006,61.192228,0
201,201,50.000000,-30.000000,-100.000000,-10.000000,-50.000000,-33.791076,-92.973580,0.000000,1.068309,61.209604,0
202,202,50.000000,-30.000000,-100.000000,-10.000000,-50.000000,-33.669418,-92.716649,0.000000,1.068655,61.229400,0
203,203,50.000000,-30.000000,-100.000000,-10.000000,-50.000000,-33.547399,-92.464385,0.000000,1.069041,61.251534,0
204,204,50.000000,-30.000000,-100.000000,-10.000000,-50.000000,-33.425016,-92.216563,0.000000,1.069466,61.275915,0
205,205,50.000000,-30.000000,-100.000000,-10.000000,-50.000000,-33.302267,-91.972949,0.000000,1.069930,61.302448,0
206,206,50.000000,-30.000000,-100.000000,-10.000000,-50.000000,-33.179153,-91.733308,0.000000,1.070428,61.331032,0
207,207,50.000000,-30.000000,-100.000000,-10.000000,-50.000000,-33.055678,-91.497398,0.000000,1.070961,61.361564,0
208,208,50.000000,-30.000000,-100.000000,-10.000000,-50.000000,-32.931847,-91.264979,0.000000,1.071526,61.393938,0
209,209,50.000000,-30.000000,-100.000000,-10.000000,-50.000000,-32.807668,-91.035810,0.000000,1.072122,61.428045,0
210,210,50.000000,-30.000000,-100.000000,-10.000000,-50.000000,-32.683148,-90.809650,0.000000,1.072745,61.463778,0
211,211,50.000000,-30.000000,-100.000000,-10.000000,-50.000000,-32.558298,-90.586261,0.000000,1.073395,61.501026,0
212,212,50.000000,-30.000000,-100.000000,-10.000000,-50.000000,-32.433128,-90.365408,0.000000,1.074070,61.539681,0
213,213,50.000000,-30.000000,-100.000000,-10.000000,-50.000000,-32.307649,-90.146862,0.000000,1.074767,61.579634,0
214,214,50.000000,-30.000000,-100.000000,-10.000000,-50.000000,-32.181875,-89.930398,0.000000,1.075485,61.620779,0
215,215,50.000000,-30.000000,-100.000000,-10.000000,-50.000000,-32.055817,-89.715796,0.000000,1.076223,61.663010,0
216,216,50.000000,-30.000000,-100.000000,-10.000000,-50.000000,-31.929491,-89.502844,0.000000,1.076977,61.706223,0
217,217,50.000000,-30.000000,-100.000000,-10.000000,-50.000000,-31.802909,-89.291337,0.000000,1.077746,61.750320,0
218,218,50.000000,-30.000000,-100.000000,-10.000000,-50.000000,-31.676088,-89.081079,0.000000,1.078530,61.795201,0
219,219,50.000000,-30.000000,-100.000000,-10.000000,-50.000000,-31.549042,-88.871881,0.000000,1.079325,61.840771,0
220,220,50.000000,-30.000000,-100.000000,-10.000000,-50.000000,-31.421787,-88.663563,0.000000,1.080131,61.886940,0
221,221,50.000000,-30.000000,-100.000000,-10.000000,-50.000000,-31.294338,-88.455953,0.000000,1.080946,61.933618,0
222,222,50.000000,-30.000000,-100.000000,-10.000000,-50.000000,-31.166713,-88.248891,0.000000,1.081768,61.980720,0
223,223,50.000000,-30.000000,-100.000000,-10.000000,-50.000000,-31.038927,-88.042224,0.000000,1.082596,62.028166,0
224,224,50.000000,-30.000000,-100.000000,-10.000000,-50.000000,-30.910996,-87.835810,0.000000,1.083428,62.075879,0
225,225,50.000000,-30.000000,-100.000000,-10.000000,-50.000000,-30.782939,-87.629515,0.000000,1.084265,62.123784,0
226,226,50.000000,-30.000000,-100.000000,-10.000000,-50.000000,-30.654771,-87.423215,0.000000,1.085103,62.171812,0
227,227,50.000000,-30.000000,-100.000000,-10.000000,-50.000000,-30.526509,-87.216797,0.000000,1.085942,62.219897,0
228,228,50.000000,-30.000000,-100.000000,-10.000000,-50.000000,-30.398170,-87.010156,0.000000,1.086781,62.267978,0
229,229,50.000000,-30.000000,-100.000000,-10.000000,-50.000000,-30.269770,-86.803197,0.000000,1.087619,62.315997,0
230,230,50.000000,-30.000000,-100.000000,-10.000000,-50.000000,-30.141327,-86.595832,0.000000,1.088455,62.363901,0
231,231,50.000000,-30.000000,-100.000000,-10.000000,-50.000000,-30.012855,-86.387985,0.000000,1.089289,62.411638,0
232,232,50.000000,-30.000000,-100.000000,-10.000000,-50.000000,-29.884372,-86.179586,0.000000,1.090118,62.459164,0
233,233,50.000000,-30.000000,-100.000000,-10.000000,-50.000000,-29.755892,-85.970574,0.000000,1.090943,62.506436,0
234,234,50.000000,-30.000000,-100.000000,-10.000000,-50.000000,-29.627431,-85.760897,0.000000,1.091763,62.553415,0
235,235,50.000000,-30.000000,-100.000000,-10.000000,-50.000000,-29.499004,-85.550509,0.000000,1.092577,62.600066,0
236,236,50.000000,-30.000000,-100.000000,-10.000000,-50.000000,-29.370624,-85.339373,0.000000,1.093385,62.646359,0
237,237,50.000000,-30.000000,-100.000000,-10.000000,-50.000000,-29.242306,-85.127457,0.000000,1.094186,62.692266,0
238,238,50.000000,-30.000000,-100.000000,-10.000000,-50.000000,-29.114064,-84.914736,0.000000,1.094980,62.737761,0
239,239,50.000000,-30.000000,-100.000000,-10.000000,-50.000000,-28.985909,-84.701193,0.000000,1.095767,62.782824,0
240,240,50.000000,-30.000000,-100.000000,-10.000000,-50.000000,-28.857854,-84.486816,0.000000,1.096546,62.827436,0
241,241,50.000000,-30.000000,-100.000000,-10.000000,-50.000000,-28.729909,-84.271596,0.000000,1.097316,62.871582,0
242,242,50.000000,-30.000000,-100.000000,-10.000000,-50.000000,-28.602087,-84.055532,0.000000,1.098078,62.915250,0
243,243,50.000000,-30.000000,-100.000000,-10.000000,-50.000000,-28.474396,-83.838627,0.000000,1.098832,62.958430,0
244,244,50.000000,-30.000000,-100.000000,-10.000000,-50.000000,-28.346847,-83.620888,0.000000,1.099577,63.001115,0
245,245,50.000000,-30.000000,-100.000000,-10.000000,-50.000000,-28.219448,-83.402325,0.000000,1.100313,63.043299,0
246,246,50.000000,-30.000000,-100.000000,-10.000000,-50.000000,-28.092206,-83.182953,0.000000,1.101041,63.084981,0
247,247,50.000000,-30.000000,-100.000000,-10.000000,-50.000000,-27.965130,-82.962789,0.000000,1.101759,63.126160,0
248,248,50.000000,-30.000000,-100.000000,-10.000000,-50.000000,-27.838225,-82.741855,0.000000,1.102469,63.166837,0
249,249,50.000000,-30.000000,-100.000000,-10.000000,-50.000000,-27.711498,-82.520172,0.000000,1.103171,63.207016,0
250,250,50.000000,-30.000000,-100.000000,-10.000000,-50.000000,-27.584954,-82.297766,0.000000,1.103863,63.246701,0
251,251,50.000000,-30.000000,-100.000000,-10.000000,-50.000000,-27.458597,-82.074664,0.000000,1.104547,63.285898,0
252,252,50.000000,-30.000000,-100.000000,-10.000000,-50.000000,-27.332432,-81.850894,0.000000,1.105223,63.324617,0
253,253,50.000000,-30.000000,-100.000000,-10.000000,-50.000000,-27.206461,-81.626486,0.000000,1.105891,63.362864,0
254,254,50.000000,-30.000000,-100.000000,-10.000000,-50.000000,-27.080688,-81.401472,0.000000,1.106550,63.400651,0
255,255,50.000000,-30.000000,-100.000000,-10.000000,-50.000000,-26.955114,-81.175883,0.000000,1.107202,63.437989,0
256,256,50.000000,-30.000000,-100.000000,-10.000000,-50.000000,-26.829741,-80.949751,0.000000,1.107846,63.474888,0
257,257,50.000000,-30.000000,-100.000000,-10.000000,-50.000000,-26.704571,-80.723109,0.000000,1.108482,63.511362,0
258,258,50.000000,-30.000000,-100.000000,-10.000000,-50.000000,-26.579603,-80.495989,0.000000,1.109112,63.547423,0
259,259,50.000000,-30.000000,-100.000000,-10.000000,-50.000000,-26.454839,-80.268424,0.000000,1.109734,63.583085,0
260,260,50.000000,-30.000000,-100.000000,-10.000000,-50.000000,-26.330277,-80.040447,0.000000,1.110350,63.618361,0
261,261,50.000000,-30.000000,-100.000000,-10.000000,-50.000000,-26.205918,-79.812089,0.000000,1.110959,63.653267,0
262,262,50.000000,-30.000000,-100.000000,-10.000000,-50.000000,-26.081760,-79.583382,0.000000,1.111562,63.687815,0
263,263,50.000000,-30.000000,-100.000000,-10.000000,-50.000000,-25.957803,-79.354356,0.000000,1.112159,63.722020,0
264,264,50.000000,-30.000000,-100.000000,-10.000000,-50.000000,-25.834043,-79.125042,0.000000,1.112750,63.755896,0
265,265,50.000000,-30.000000,-100.000000,-10.000000,-50.000000,-25.710481,-78.895468,0.000000,1.113336,63.789458,0
266,266,50.000000,-30.000000,-100.000000,-10.000000,-50.000000,-25.587113,-78.665663,0.000000,1.113917,63.822718,0
267,267,50.000000,-30.000000,-100.000000,-10.000000,-50.000000,-25.463937,-78.435653,0.000000,1.114492,63.855692,0
268,268,50.000000,-30.000000,-100.000000,-10.000000,-50.000000,-25.340951,-78.205465,0.000000,1.115063,63.888393,0
269,269,50.000000,-30.000000,-100.000000,-10.000000,-50.000000,-25.218152,-77.975123,0.000000,1.115629,63.920833,0
270,270,50.000000,-30.000000,-100.000000,-10.000000,-50.000000,-25.095537,-77.744650,0.000000,1.116191,63.953025,0
271,271,50.000000,-30.000000,-100.000000,-10.000000,-50.000000,-24.973105,-77.514069,0.000000,1.116749,63.984982,0
272,272,50.000000,-30.000000,-100.000000,-10.000000,-50.000000,-24.850851,-77.283400,0.000000,1.117302,64.016716,0
273,273,50.000000,-30.000000,-100.000000,-10.000000,-50.000000,-24.728772,-77.052664,0.000000,1.117853,64.048237,0
274,274,50.000000,-30.000000,-100.000000,-10.000000,-50.000000,-24.606866,-76.821878,0.000000,1.118399,64.079558,0
275,275,50.000000,-30.000000,-100.000000,-10.000000,-50.000000,-24.485130,-76.591059,0.000000,1.118943,64.110687,0
276,276,50.000000,-30.000000,-100.000000,-10.000000,-50.000000,-24.363561,-76.360224,0.000000,1.119483,64.141635,0
277,277,50.000000,-30.000000,-100.000000,-10.000000,-50.000000,-24.242154,-76.129386,0.000000,1.120020,64.172412,0
278,278,50.000000,-30.000000,-100.000000,-10.000000,-50.000000,-24.120909,-75.898559,0.000000,1.120554,64.203026,0
279,279,50.000000,-30.000000,-100.000000,-10.000000,-50.000000,-23.999820,-75.667754,0.000000,1.121086,64.233484,0
280,280,50.000000,-30.000000,-100.000000,-10.000000,-50.000000,-23.878886,-75.436982,0.000000,1.121615,64.263796,0
281,281,50.000000,-30.000000,-100.000000,-10.000000,-50.000000,-23.758104,-75.206253,0.000000,1.122141,64.293967,0
282,282,50.000000,-30.000000,-100.000000,-10.000000,-50.000000,-23.637470,-74.975576,0.000000,1.122666,64.324005,0
283,283,50.000000,-30.000000,-100.000000,-10.000000,-50.000000,-23.516983,-74.744957,0.000000,1.123188,64.353915,0
284,284,50.000000,-30.000000,-100.000000,-10.000000,-50.000000,-23.396639,-74.514403,0.000000,1.123708,64.383702,0
285,285,50.000000,-30.000000,-100.000000,-10.000000,-50.000000,-23.276435,-74.283919,0.000000,1.124225,64.413373,0
286,286,50.000000,-30.000000,-100.000000,-10.000000,-50.000000,-23.156370,-74.053509,0.000000,1.124741,64.442930,0
287,287,50.000000,-30.000000,-100.000000,-10.000000,-50.000000,-23.036440,-73.823177,0.000000,1.125255,64.472379,0
288,288,50.000000,-30.000000,-100.000000,-10.000000,-50.000000,-22.916644,-73.592926,0.000000,1.125767,64.501723,0
289,289,50.000000,-30.000000,-100.000000,-10.000000,-50.000000,-22.796979,-73.362758,0.000000,1.126278,64.530964,0
290,290,50.000000,-30.000000,-100.000000,-10.000000,-50.000000,-22.677444,-73.132673,0.000000,1.126786,64.560106,0
291,291,50.000000,-30.000000,-100.000000,-10.000000,-50.000000,-22.558035,-72.902672,0.000000,1.127293,64.589150,0
292,292,50.000000,-30.000000,-100.000000,-10.000000,-50.000000,-22.438752,-72.672754,0.000000,1.127799,64.618099,0
293,293,50.000000,-30.000000,-100.000000,-10.000000,-50.000000,-22.319592,-72.442920,0.000000,1.128302,64.646954,0
294,294,50.000000,-30.000000,-100.000000,-10.000000,-50.000000,-22.200554,-72.213167,0.000000,1.128804,64.675717,0
295,295,50.000000,-30.000000,-100.000000,-10.000000,-50.000000,-22.081637,-71.983494,0.000000,1.129305,64.704388,0
296,296,50.000000,-30.000000,-100.000000,-10.000000,-50.000000,-21.962837,-71.753899,0.000000,1.129803,64.732967,0
297,297,50.000000,-10.000000,-50.000000,0.000000,5.000000,-21.844156,-71.524379,0.183260,0.183260,10.500000,1
298,298,50.000000,-10.000000,-50.000000,0.000000,5.000000,-21.725590,-71.294931,0.183260,0.183260,10.500000,1
299,299,50.000000,-10.000000,-50.000000,0.000000,5.000000,-21.614831,-71.076108,0.183260,0.183260,10.500000,1
300,300,50.000000,-10.000000,-50.000000,0.000000,5.000000,-21.499952,-70.873717,0.183260,0.183260,10.500000,1
301,301,50.000000,-10.000000,-50.000000,0.000000,5.000000,-21.380803,-70.684143,0.183260,0.183260,10.500000,1
302,302,50.000000,-10.000000,-50.000000,0.000000,5.000000,-21.257195,-70.507458,0.183260,0.183260,10.500000,1
303,303,50.000000,-10.000000,-50.000000,0.000000,5.000000,-21.128987,-70.343698,0.183260,0.183260,10.500000,1
304,304,50.000000,-10.000000,-50.000000,0.000000,5.000000,-20.996071,-70.192880,0.183260,0.183260,10.500000,1
305,305,50.000000,-10.000000,-50.000000,0.000000,5.000000,-20.858370,-70.055005,0.183260,0.183260,10.500000,1
306,306,50.000000,-10.000000,-50.000000,0.000000,5.000000,-20.715828,-69.930070,0.183260,0.183260,10.500000,1
307,307,50.000000,-10.000000,-50.000000,0.000000,5.000000,-20.568411,-69.818067,0.183260,0.183260,10.500000,1
308,308,50.000000,-10.000000,-50.000000,0.000000,5.000000,-20.416095,-69.718999,0.183260,0.183260,10.500000,1
309,309,50.000000,-10.000000,-50.000000,0.000000,5.000000,-20.259148,-69.632707,0.183260,0.183260,10.500000,1
310,310,50.000000,-10.000000,-50.000000,0.000000,5.000000,-20.097833,-69.559031,0.183260,0.183260,10.500000,1
311,311,50.000000,-10.000000,-50.000000,0.000000,5.000000,-19.932368,-69.497548,0.183260,0.183260,10.500000,1
312,312,50.000000,-10.000000,-50.000000,0.000000,5.000000,-19.762926,-69.447585,0.183260,0.183260,10.500000,1
313,313,50.000000,-10.000000,-50.000000,0.000000,5.000000,-19.589634,-69.408256,0.183260,0.183260,10.500000,1
314,314,50.000000,-10.000000,-50.000000,0.000000,5.000000,-19.412574,-69.378500,0.183260,0.183260,10.500000,1
315,315,50.000000,-10.000000,-50.000000,0.000000,5.000000,-19.231797,-69.357113,0.183260,0.183260,10.500000,1
316,316,50.000000,-10.000000,-50.000000,0.000000,5.000000,-19.047324,-69.342784,0.183260,0.183260,10.500000,1
317,317,50.000000,-10.000000,-50.000000,0.000000,5.000000,-18.859164,-69.334119,0.183260,0.183260,10.500000,1
318,318,50.000000,-10.000000,-50.000000,0.000000,5.000000,-18.667322,-69.329668,0.183260,0.183260,10.500000,1
319,319,50.000000,-10.000000,-50.000000,0.000000,5.000000,-18.471814,-69.327947,0.183260,0.183260,10.500000,1
320,320,50.000000,-10.000000,-50.000000,0.000000,5.000000,-18.272675,-69.327456,0.183260,0.183260,10.500000,1
321,321,50.000000,-10.000000,-50.000000,0.000000,5.000000,-18.069975,-69.326692,0.183260,0.183260,10.500000,1
322,322,50.000000,-10.000000,-50.000000,0.000000,5.000000,-17.863825,-69.324161,0.183260,0.183260,10.500000,1
323,323,50.000000,-10.000000,-50.000000,0.000000,5.000000,-17.654386,-69.318388,0.183260,0.183260,10.500000,1
324,324,50.000000,-10.000000,-50.000000,0.000000,5.000000,-17.441870,-69.307921,0.183260,0.183260,10.500000,1
325,325,50.000000,-10.000000,-50.000000,0.000000,5.000000,-17.226546,-69.291336,0.183260,0.183260,10.500000,1
326,326,50.000000,-10.000000,-50.000000,0.000000,5.000000,-17.008735,-69.267242,0.183260,0.183260,10.500000,1
327,327,50.000000,-10.000000,-50.000000,0.000000,5.000000,-16.788809,-69.234283,0.183260,0.183260,10.500000,1
328,328,50.000000,-10.000000,-50.000000,0.000000,5.000000,-16.567184,-69.191140,0.183260,0.183260,10.500000,1
329,329,50.000000,-10.000000,-50.000000,0.000000,5.000000,-16.344027,-69.137112,0.183260,0.183260,10.500000,1
330,330,50.000000,-10.000000,-50.000000,0.000000,5.000000,-16.119515,-69.071640,0.183260,0.183260,10.500000,1
331,331,50.000000,-10.000000,-50.000000,0.000000,5.000000,-15.893947,-68.994036,0.183260,0.183260,10.500000,1
332,332,50.000000,-10.000000,-50.000000,0.000000,5.000000,-15.667729,-68.903485,0.183260,0.183260,10.500000,1
333,333,50.000000,-10.000000,-50.000000,0.000000,5.000000,-15.441345,-68.799047,0.183260,0.183260,10.500000,1
334,334,50.000000,-10.000000,-50.000000,0.000000,5.000000,-15.215342,-68.679665,0.183260,0.183260,10.500000,1
335,335,50.000000,-10.000000,-50.000000,0.000000,5.000000,-14.990307,-68.544167,0.183260,0.183260,10.500000,1
336,336,50.000000,-10.000000,-50.000000,0.000000,5.000000,-14.766844,-68.391282,0.183260,0.183260,10.500000,1
337,337,50.000000,-10.000000,-50.000000,0.000000,5.000000,-14.545559,-68.219647,0.183260,0.183260,10.500000,1
338,338,50.000000,-10.000000,-50.000000,0.000000,5.000000,-14.327043,-68.027822,0.183260,0.183260,10.500000,1
339,339,50.000000,-10.000000,-50.000000,0.000000,5.000000,-14.111856,-67.814302,0.183260,0.183260,10.500000,1
340,340,50.000000,-10.000000,-50.000000,0.000000,5.000000,-13.900485,-67.577666,0.183260,0.183260,10.500000,1
341,341,50.000000,-10.000000,-50.000000,0.000000,5.000000,-13.693100,-67.317633,0.183260,0.183260,10.500000,1
342,342,50.000000,-10.000000,-50.000000,0.000000,5.000000,-13.489815,-67.034011,0.183260,0.183260,10.500000,1
343,343,50.000000,-10.000000,-50.000000,0.000000,5.000000,-13.290689,-66.726702,0.183260,0.183260,10.500000,1
344,344,50.000000,-10.000000,-50.000000,0.000000,5.000000,-13.095729,-66.395705,0.183260,0.183260,10.500000,1
345,345,50.000000,-10.000000,-50.000000,0.000000,5.000000,-12.904890,-66.041113,0.183260,0.183260,10.500000,1
346,346,50.000000,-10.000000,-50.000000,0.000000,5.000000,-12.718084,-65.663115,0.183260,0.183260,10.500000,1
347,347,50.000000,-10.000000,-50.000000,0.000000,5.000000,-12.535184,-65.261988,0.183260,0.183260,10.500000,1
348,348,50.000000,-10.000000,-50.000000,0.000000,5.000000,-12.356024,-64.838098,0.183260,0.183260,10.500000,1
349,349,50.000000,-10.000000,-50.000000,0.000000,5.000000,-12.180410,-64.391896,0.183260,0.183260,10.500000,1
350,350,50.000000,-10.000000,-50.000000,0.000000,5.000000,-12.008121,-63.923907,0.183260,0.183260,10.500000,1
351,351,50.000000,-10.000000,-50.000000,0.000000,5.000000,-11.838918,-63.434733,0.183260,0.183260,10.500000,1
352,352,50.000000,-10.000000,-50.000000,0.000000,5.000000,-11.672547,-62.925042,0.183260,0.183260,10.500000,1
353,353,50.000000,-10.000000,-50.000000,0.000000,5.000000,-11.508746,-62.395561,0.183260,0.183260,10.500000,1
354,354,50.000000,-10.000000,-50.000000,0.000000,5.000000,-11.347246,-61.847076,0.183260,0.183260,10.500000,1
355,355,50.000000,-10.000000,-50.000000,0.000000,5.000000,-11.187783,-61.280420,0.183260,0.183260,10.500000,1
356,356,50.000000,-10.000000,-50.000000,0.000000,5.000000,-11.030093,-60.696469,0.183260,0.183260,10.500000,1
357,357,50.000000,-10.000000,-50.000000,0.000000,5.000000,-10.873923,-60.096135,0.183260,0.183260,10.500000,1
358,358,50.000000,-10.000000,-50.000000,0.000000,5.000000,-10.719032,-59.480365,0.183260,0.183260,10.500000,1
359,359,50.000000,-10.000000,-50.000000,0.000000,5.000000,-10.565194,-58.850127,0.183260,0.183260,10.500000,1
360,360,50.000000,-10.000000,-50.000000,0.000000,5.000000,-10.412200,-58.206413,0.183260,0.183260,10.500000,1
361,361,50.000000,-10.000000,-50.000000,0.000000,5.000000,-10.259862,-57.550226,0.183260,0.183260,10.500000,1
362,362,50.000000,-10.000000,-50.000000,0.000000,5.000000,-10.108012,-56.882584,0.183260,0.183260,10.500000,1
363,363,50.000000,-10.000000,-50.000000,0.000000,5.000000,-9.956505,-56.204505,0.183260,0.183260,10.500000,1
364,364,50.000000,-10.000000,-50.000000,0.000000,5.000000,-9.805220,-55.517013,0.183260,0.183260,10.500000,1
365,365,50.000000,-10.000000,-50.000000,0.000000,5.000000,-9.654058,-54.821125,0.183260,0.183260,10.500000,1
366,366,50.000000,-10.000000,-50.000000,0.000000,5.000000,-9.502945,-54.117853,0.183260,0.183260,10.500000,1
367,367,50.000000,-10.000000,-50.000000,0.000000,5.000000,-9.351830,-53.408197,0.183260,0.183260,10.500000,1
368,368,50.000000,-10.000000,-50.000000,0.000000,5.000000,-9.200684,-52.693143,0.183260,0.183260,10.500000,1
369,369,50.000000,-10.000000,-50.000000,0.000000,5.000000,-9.049499,-51.973661,0.183260,0.183260,10.500000,1
370,370,50.000000,-10.000000,-50.000000,0.000000,5.000000,-8.898289,-51.250697,0.183260,0.183260,10.500000,1
371,371,50.000000,-10.000000,-50.000000,0.000000,5.000000,-8.747083,-50.525176,0.183260,0.183260,10.500000,1
372,372,50.000000,-10.000000,-50.000000,0.000000,5.000000,-8.595932,-49.797997,0.183260,0.183260,10.500000,1
373,373,50.000000,-10.000000,-50.000000,0.000000,5.000000,-8.444898,-49.070029,0.183260,0.183260,10.500000,1
374,374,50.000000,-10.000000,-50.000000,0.000000,5.000000,-8.294059,-48.342111,0.183260,0.183260,10.500000,1
375,375,50.000000,-10.000000,-50.000000,0.000000,5.000000,-8.143504,-47.615050,0.183260,0.183260,10.500000,1
376,376,50.000000,-10.000000,-50.000000,0.000000,5.000000,-7.993332,-46.889616,0.183260,0.183260,10.500000,1
377,377,50.000000,-10.000000,-50.000000,0.000000,5.000000,-7.843649,-46.166545,0.183260,0.183260,10.500000,1
378,378,50.000000,-10.000000,-50.000000,0.000000,5.000000,-7.694570,-45.446535,0.183260,0.183260,10.500000,1
379,379,50.000000,-10.000000,-50.000000,0.000000,5.000000,-7.546212,-44.730245,0.183260,0.183260,10.500000,1
380,380,50.000000,-10.000000,-50.000000,0.000000,5.000000,-7.398695,-44.018293,0.183260,0.183260,10.500000,1
381,381,50.000000,-10.000000,-50.000000,0.000000,5.000000,-7.252141,-43.311260,0.183260,0.183260,10.500000,1
382,382,50.000000,-10.000000,-50.000000,0.000000,5.000000,-7.106672,-42.609682,0.183260,0.183260,10.500000,1
383,383,50.000000,-10.000000,-50.000000,0.000000,5.000000,-6.962407,-41.914058,0.183260,0.183260,10.500000,1
384,384,50.000000,-10.000000,-50.000000,0.000000,5.000000,-6.819465,-41.224844,0.183260,0.183260,10.500000,1
385,385,50.000000,-10.000000,-50.000000,0.000000,5.000000,-6.677960,-40.542454,0.183260,0.183260,10.500000,1
386,386,50.000000,-10.000000,-50.000000,0.000000,5.000000,-6.538000,-39.867265,0.183260,0.183260,10.500000,1
387,387,50.000000,-10.000000,-50.000000,0.000000,5.000000,-6.399689,-39.199611,0.183260,0.183260,10.500000,1
388,388,50.000000,-10.000000,-50.000000,0.000000,5.000000,-6.263126,-38.539788,0.183260,0.183260,10.500000,1
389,389,50.000000,-10.000000,-50.000000,0.000000,5.000000,-6.128402,-37.888055,0.183260,0.183260,10.500000,1
390,390,50.000000,-10.000000,-50.000000,0.000000,5.000000,-5.995601,-37.244633,0.183260,0.183260,10.500000,1
391,391,50.000000,-10.000000,-50.000000,0.000000,5.000000,-5.864799,-36.609707,0.183260,0.183260,10.500000,1
392,392,50.000000,-10.000000,-50.000000,0.000000,5.000000,-5.736068,-35.983430,0.183260,0.183260,10.500000,1
393,393,50.000000,-10.000000,-50.000000,0.000000,5.000000,-5.609467,-35.365919,0.183260,0.183260,10.500000,1
394,394,50.000000,-10.000000,-50.000000,0.000000,5.000000,-5.485052,-34.757263,0.183260,0.183260,10.500000,1
395,395,50.000000,-10.000000,-50.000000,0.000000,5.000000,-5.362869,-34.157519,0.183260,0.183260,10.500000,1
396,396,50.000000,-10.000000,-50.000000,0.000000,5.000000,-5.242957,-33.566717,0.183260,0.183260,10.500000,1
397,397,50.000000,-10.000000,-50.000000,0.000000,5.000000,-5.125347,-32.984862,0.183260,0.183260,10.500000,1
398,398,50.000000,-10.000000,-50.000000,0.000000,5.000000,-5.010063,-32.411935,0.183260,0.183260,10.500000,1
399,399,50.000000,-10.000000,-50.000000,0.000000,5.000000,-4.897123,-31.847892,0.183260,0.183260,10.500000,1
400,400,50.000000,-10.000000,-50.000000,0.000000,5.000000,-4.786538,-31.292672,0.183260,0.183260,10.500000,1
401,401,50.000000,-10.000000,-50.000000,0.000000,5.000000,-4.678312,-30.746193,0.183260,0.183260,10.500000,1
402,402,50.000000,-10.000000,-50.000000,0.000000,5.000000,-4.572443,-30.208356,0.183260,0.183260,10.500000,1
403,403,50.000000,-10.000000,-50.000000,0.000000,5.000000,-4.468925,-29.679047,0.183260,0.183260,10.500000,1
404,404,50.000000,-10.000000,-50.000000,0.000000,5.000000,-4.367745,-29.158141,0.183260,0.183260,10.500000,1
405,405,50.000000,-10.000000,-50.000000,0.000000,5.000000,-4.268885,-28.645498,0.183260,0.183260,10.500000,1
406,406,50.000000,-10.000000,-50.000000,0.000000,5.000000,-4.172324,-28.140969,0.183260,0.183260,10.500000,1
407,407,50.000000,-10.000000,-50.000000,0.000000,5.000000,-4.078036,-27.644395,0.183260,0.183260,10.500000,1
408,408,50.000000,-10.000000,-50.000000,0.000000,5.000000,-3.985992,-27.155612,0.183260,0.183260,10.500000,1
409,409,50.000000,-10.000000,-50.000000,0.000000,5.000000,-3.896158,-26.674449,0.183260,0.183260,10.500000,1
410,410,50.000000,-10.000000,-50.000000,0.000000,5.000000,-3.808498,-26.200731,0.183260,0.183260,10.500000,1
411,411,50.000000,-10.000000,-50.000000,0.000000,5.000000,-3.722975,-25.734278,0.183260,0.183260,10.500000,1
412,412,50.000000,-10.000000,-50.000000,0.000000,5.000000,-3.639547,-25.274909,0.183260,0.183260,10.500000,1
413,413,50.000000,-10.000000,-50.000000,0.000000,5.000000,-3.558171,-24.822442,0.183260,0.183260,10.500000,1
414,414,50.000000,-10.000000,-50.000000,0.000000,5.000000,-3.478803,-24.376694,0.183260,0.183260,10.500000,1
415,415,50.000000,-10.000000,-50.000000,0.000000,5.000000,-3.401396,-23.937485,0.183260,0.183260,10.500000,1
416,416,50.000000,-10.000000,-50.000000,0.000000,5.000000,-3.325905,-23.504634,0.183260,0.183260,10.500000,1
417,417,50.000000,-10.000000,-50.000000,0.000000,5.000000,-3.252280,-23.077963,0.183260,0.183260,10.500000,1
418,418,50.000000,-10.000000,-50.000000,0.000000,5.000000,-3.180474,-22.657298,0.183260,0.183260,10.500000,1
419,419,50.000000,-10.000000,-50.000000,0.000000,5.000000,-3.110438,-22.242468,0.183260,0.183260,10.500000,1
420,420,50.000000,-10.000000,-50.000000,0.000000,5.000000,-3.042122,-21.833306,0.183260,0.183260,10.500000,1
421,421,50.000000,-10.000000,-50.000000,0.000000,5.000000,-2.975478,-21.429650,0.183260,0.183260,10.500000,1
422,422,50.000000,-10.000000,-50.000000,0.000000,5.000000,-2.910457,-21.031342,0.183260,0.183260,10.500000,1
423,423,50.000000,-10.000000,-50.000000,0.000000,5.000000,-2.847010,-20.638230,0.183260,0.183260,10.500000,1
424,424,50.000000,-10.000000,-50.000000,0.000000,5.000000,-2.785089,-20.250168,0.183260,0.183260,10.500000,1
425,425,50.000000,-10.000000,-50.000000,0.000000,5.000000,-2.724648,-19.867016,0.183260,0.183260,10.500000,1
426,426,50.000000,-10.000000,-50.000000,0.000000,5.000000,-2.665639,-19.488639,0.183260,0.183260,10.500000,1
427,427,50.000000,-10.000000,-50.000000,0.000000,5.000000,-2.608017,-19.114909,0.183260,0.183260,10.500000,1
428,428,50.000000,-10.000000,-50.000000,0.000000,5.000000,-2.551737,-18.745703,0.183260,0.183260,10.500000,1
429,429,50.000000,-10.000000,-50.000000,0.000000,5.000000,-2.496755,-18.380905,0.183260,0.183260,10.500000,1
430,430,50.000000,-10.000000,-50.000000,0.000000,5.000000,-2.443029,-18.020406,0.183260,0.183260,10.500000,1
431,431,50.000000,-10.000000,-50.000000,0.000000,5.000000,-2.390517,-17.664101,0.183260,0.183260,10.500000,1
432,432,50.000000,-10.000000,-50.000000,0.000000,5.000000,-2.339179,-17.311893,0.183260,0.183260,10.500000,1
433,433,50.000000,-10.000000,-50.000000,0.000000,5.000000,-2.288976,-16.963690,0.183260,0.183260,10.500000,1
434,434,50.000000,-10.000000,-50.000000,0.000000,5.000000,-2.239869,-16.619407,0.183260,0.183260,10.500000,1
435,435,50.000000,-10.000000,-50.000000,0.000000,5.000000,-2.191823,-16.278963,0.183260,0.183260,10.500000,1
436,436,50.000000,-10.000000,-50.000000,0.000000,5.000000,-2.144803,-15.942284,0.183260,0.183260,10.500000,1
437,437,50.000000,-10.000000,-50.000000,0.000000,5.000000,-2.098773,-15.609299,0.183260,0.183260,10.500000,1
438,438,50.000000,-10.000000,-50.000000,0.000000,5.000000,-2.053703,-15.279946,0.183260,0.183260,10.500000,1
439,439,50.000000,-10.000000,-50.000000,0.000000,5.000000,-2.009560,-14.954164,0.183260,0.183260,10.500000,1
440,440,50.000000,-10.000000,-50.000000,0.000000,5.000000,-1.966314,-14.631898,0.183260,0.183260,10.500000,1
441,441,50.000000,-10.000000,-50.000000,0.000000,5.000000,-1.923937,-14.313100,0.183260,0.183260,10.500000,1
442,442,50.000000,-10.000000,-50.000000,0.000000,5.000000,-1.882401,-13.997721,0.183260,0.183260,10.500000,1
443,443,50.000000,-10.000000,-50.000000,0.000000,5.000000,-1.841679,-13.685721,0.183260,0.183260,10.500000,1
444,444,50.000000,-10.000000,-50.000000,0.000000,5.000000,-1.801748,-13.377059,0.183260,0.183260,10.500000,1
445,445,50.000000,-10.000000,-50.000000,0.000000,5.000000,-1.762583,-13.071702,0.183260,0.183260,10.500000,1
446,446,50.000000,-10.000000,-50.000000,0.000000,5.000000,-1.724161,-12.769618,0.183260,0.183260,10.500000,1
447,447,50.000000,-10.000000,-50.000000,0.000000,5.000000,-1.686461,-12.470776,0.183260,0.183260,10.500000,1
448,448,50.000000,-10.000000,-50.000000,0.000000,5.000000,-1.649461,-12.175151,0.183260,0.183260,10.500000,1
449,449,50.000000,-10.000000,-50.000000,0.000000,5.000000,-1.613144,-11.882719,0.183260,0.183260,10.500000,1
450,450,50.000000,-10.000000,-50.000000,0.000000,5.000000,-1.577489,-11.593457,0.183260,0.183260,10.500000,1
451,451,50.000000,-10.000000,-50.000000,0.000000,5.000000,-1.542479,-11.307346,0.183260,0.183260,10.500000,1
452,452,50.000000,-10.000000,-50.000000,0.000000,5.000000,-1.508099,-11.024368,0.183260,0.183260,10.500000,1
453,453,50.000000,-10.000000,-50.000000,0.000000,5.000000,-1.474331,-10.744506,0.183260,0.183260,10.500000,1
454,454,50.000000,-10.000000,-50.000000,0.000000,5.000000,-1.441160,-10.467744,0.183260,0.183260,10.500000,1
455,455,50.000000,-10.000000,-50.000000,0.000000,5.000000,-1.408573,-10.194069,0.183260,0.183260,10.500000,1
456,456,50.000000,-10.000000,-50.000000,0.000000,5.000000,-1.376556,-9.923467,0.183260,0.183260,10.500000,1
457,457,50.000000,-10.000000,-50.000000,0.000000,5.000000,-1.345096,-9.655924,0.183260,0.183260,10.500000,1
458,458,50.000000,-10.000000,-50.000000,0.000000,5.000000,-1.314181,-9.391430,0.183260,0.183260,10.500000,1
459,459,50.000000,-10.000000,-50.000000,0.000000,5.000000,-1.283798,-9.129973,0.183260,0.183260,10.500000,1
460,460,50.000000,-10.000000,-50.000000,0.000000,5.000000,-1.253938,-8.871541,0.183260,0.183260,10.500000,1
461,461,50.000000,-10.000000,-50.000000,0.000000,5.000000,-1.224590,-8.616122,0.183260,0.183260,10.500000,1
462,462,50.000000,-10.000000,-50.000000,0.000000,5.000000,-1.195743,-8.363706,0.183260,0.183260,10.500000,1
463,463,50.000000,-10.000000,-50.000000,0.000000,5.000000,-1.167388,-8.114282,0.183260,0.183260,10.500000,1
464,464,50.000000,-10.000000,-50.000000,0.000000,5.000000,-1.139515,-7.867837,0.183260,0.183260,10.500000,1
465,465,50.000000,-10.000000,-50.000000,0.000000,5.000000,-1.112116,-7.624360,0.183260,0.183260,10.500000,1
466,466,50.000000,-10.000000,-50.000000,0.000000,5.000000,-1.085183,-7.383838,0.183260,0.183260,10.500000,1
467,467,50.000000,-10.000000,-50.000000,0.000000,5.000000,-1.058707,-7.146259,0.183260,0.183260,10.500000,1
468,468,50.000000,-10.000000,-50.000000,0.000000,5.000000,-1.032681,-6.911609,0.183260,0.183260,10.500000,1
469,469,50.000000,-10.000000,-50.000000,0.000000,5.000000,-1.007096,-6.679874,0.183260,0.183260,10.500000,1
470,470,50.000000,-10.000000,-50.000000,0.000000,5.000000,-0.981946,-6.451040,0.183260,0.183260,10.500000,1
471,471,50.000000,-10.000000,-50.000000,0.000000,5.000000,-0.957224,-6.225092,0.183260,0.183260,10.500000,1
472,472,50.000000,-10.000000,-50.000000,0.000000,5.000000,-0.932922,-6.002013,0.183260,0.183260,10.500000,1
473,473,50.000000,-10.000000,-50.000000,0.000000,5.000000,-0.909033,-5.781786,0.183260,0.183260,10.500000,1
474,474,50.000000,-10.000000,-50.000000,0.000000,5.000000,-0.885552,-5.564396,0.183260,0.183260,10.500000,1
475,475,50.000000,-10.000000,-50.000000,0.000000,5.000000,-0.862471,-5.349822,0.183260,0.183260,10.500000,1
476,476,50.000000,-10.000000,-50.000000,0.000000,5.000000,-0.839785,-5.138047,0.183260,0.183260,10.500000,1
477,477,50.000000,-10.000000,-50.000000,0.000000,5.000000,-0.817487,-4.929050,0.183260,0.183260,10.500000,1
478,478,50.000000,-10.000000,-50.000000,0.000000,5.000000,-0.795571,-4.722810,0.183260,0.183260,10.500000,1
479,479,50.000000,-10.000000,-50.000000,0.000000,5.000000,-0.774031,-4.519308,0.183260,0.183260,10.500000,1
480,480,50.000000,-10.000000,-50.000000,0.000000,5.000000,-0.752861,-4.318520,0.183260,0.183260,10.500000,1
481,481,50.000000,-10.000000,-50.000000,0.000000,5.000000,-0.732055,-4.120425,0.183260,0.183260,10.500000,1
482,482,50.000000,-10.000000,-50.000000,0.000000,5.000000,-0.711607,-3.924998,0.183260,0.183260,10.500000,1
483,483,50.000000,-10.000000,-50.000000,0.000000,5.000000,-0.691512,-3.732216,0.183260,0.183260,10.500000,1
484,484,50.000000,-10.000000,-50.000000,0.000000,5.000000,-0.671764,-3.542055,0.183260,0.183260,10.500000,1
485,485,50.000000,-10.000000,-50.000000,0.000000,5.000000,-0.652357,-3.354488,0.183260,0.183260,10.500000,1
486,486,50.000000,-10.000000,-50.000000,0.000000,5.000000,-0.633286,-3.169491,0.183260,0.183260,10.500000,1
487,487,50.000000,-10.000000,-50.000000,0.000000,5.000000,-0.614545,-2.987038,0.183260,0.183260,10.500000,1
488,488,50.000000,-10.000000,-50.000000,0.000000,5.000000,-0.596128,-2.807101,0.183260,0.183260,10.500000,1
489,489,50.000000,-10.000000,-50.000000,0.000000,5.000000,-0.578031,-2.629655,0.183260,0.183260,10.500000,1
490,490,50.000000,-10.000000,-50.000000,0.000000,5.000000,-0.560247,-2.454670,0.183260,0.183260,10.500000,1
491,491,50.000000,-10.000000,-50.000000,0.000000,5.000000,-0.542771,-2.282121,0.183260,0.183260,10.500000,1
492,492,50.000000,-10.000000,-50.000000,0.000000,5.000000,-0.525599,-2.111978,0.183260,0.183260,10.500000,1
493,493,50.000000,-10.000000,-50.000000,0.000000,5.000000,-0.508723,-1.944213,0.183260,0.183260,10.500000,1
494,494,50.000000,-10.000000,-50.000000,0.000000,5.000000,-0.492140,-1.778799,0.183260,0.183260,10.500000,1
495,495,50.000000,-10.000000,-50.000000,0.000000,5.000000,-0.475844,-1.615706,0.183260,0.183260,10.500000,1
496,496,50.000000,-10.000000,-50.000000,0.000000,5.000000,-0.459830,-1.454907,0.183260,0.183260,10.500000,1
497,497,50.000000,-10.000000,-50.000000,0.000000,5.000000,-0.444092,-1.296371,0.183260,0.183260,10.500000,1
498,498,50.000000,-10.000000,-50.000000,0.000000,5.000000,-0.428626,-1.140071,0.183260,0.183260,10.500000,1
499,499,50.000000,-10.000000,-50.000000,0.000000,5.000000,-0.413427,-0.985978,0.183260,0.183260,10.500000,1
500,500,50.000000,-10.000000,-50.000000,0.000000,5.000000,-0.398489,-0.834062,0.183260,0.183260,10.500000,1
501,501,50.000000,-10.000000,-50.000000,0.000000,5.000000,-0.383808,-0.684296,0.183260,0.183260,10.500000,1
502,502,50.000000,-10.000000,-50.000000,0.000000,5.000000,-0.369378,-0.536650,0.183260,0.183260,10.500000,1
503,503,50.000000,-10.000000,-50.000000,0.000000,5.000000,-0.355196,-0.391097,0.183260,0.183260,10.500000,1
504,504,50.000000,-10.000000,-50.000000,0.000000,5.000000,-0.341256,-0.247609,0.183260,0.183260,10.500000,1
505,505,50.000000,-10.000000,-50.000000,0.000000,5.000000,-0.327553,-0.106156,0.183260,0.183260,10.500000,1
506,506,50.000000,-10.000000,-50.000000,0.000000,5.000000,-0.314083,0.033288,0.183260,0.183260,10.500000,1
507,507,50.000000,-10.000000,-50.000000,0.000000,5.000000,-0.300842,0.170751,0.183260,0.183260,10.500000,1
508,508,50.000000,-10.000000,-50.000000,0.000000,5.000000,-0.287824,0.306260,0.183260,0.183260,10.500000,1
509,509,50.000000,-10.000000,-50.000000,0.000000,5.000000,-0.275027,0.439842,0.183260,0.183260,10.500000,1
510,510,50.000000,-10.000000,-50.000000,0.000000,5.000000,-0.262444,0.571523,0.183260,0.183260,10.500000,1
511,511,50.000000,-10.000000,-50.000000,0.000000,5.000000,-0.250073,0.701331,0.183260,0.183260,10.500000,1
512,512,50.000000,-10.000000,-50.000000,0.000000,5.000000,-0.237908,0.829290,0.183260,0.183260,10.500000,1
513,513,50.000000,-10.000000,-50.000000,0.000000,5.000000,-0.225946,0.955426,0.183260,0.183260,10.500000,1
514,514,50.000000,-10.000000,-50.000000,0.000000,5.000000,-0.214183,1.079764,0.183260,0.183260,10.500000,1
515,515,50.000000,-10.000000,-50.000000,0.000000,5.000000,-0.202615,1.202330,0.183260,0.183260,10.500000,1
516,516,50.000000,-10.000000,-50.000000,0.000000,5.000000,-0.191238,1.323147,0.183260,0.183260,10.500000,1
517,517,50.000000,-10.000000,-50.000000,0.000000,5.000000,-0.180049,1.442239,0.183260,0.183260,10.500000,1
518,518,50.000000,-10.000000,-50.000000,0.000000,5.000000,-0.169043,1.559630,0.183260,0.183260,10.500000,1
519,519,50.000000,-10.000000,-50.000000,0.000000,5.000000,-0.158217,1.675342,0.183260,0.183260,10.500000,1
520,520,50.000000,-10.000000,-50.000000,0.000000,5.000000,-0.147567,1.789399,0.183260,0.183260,10.500000,1
521,521,50.000000,-10.000000,-50.000000,0.000000,5.000000,-0.137091,1.901823,0.183260,0.183260,10.500000,1
522,522,50.000000,-10.000000,-50.000000,0.000000,5.000000,-0.126785,2.012635,0.183260,0.183260,10.500000,1
523,523,50.000000,-10.000000,-50.000000,0.000000,5.000000,-0.116646,2.121858,0.183260,0.183260,10.500000,1
524,524,50.000000,-10.000000,-50.000000,0.000000,5.000000,-0.106669,2.229511,0.183260,0.183260,10.500000,1
525,525,50.000000,-10.000000,-50.000000,0.000000,5.000000,-0.096854,2.335615,0.183260,0.183260,10.500000,1
526,526,50.000000,-10.000000,-50.000000,0.000000,5.000000,-0.087195,2.440191,0.183260,0.183260,10.500000,1
527,527,50.000000,-10.000000,-50.000000,0.000000,5.000000,-0.077691,2.543259,0.183260,0.183260,10.500000,1
528,528,50.000000,-10.000000,-50.000000,0.000000,5.000000,-0.068339,2.644837,0.183260,0.183260,10.500000,1
529,529,50.000000,-10.000000,-50.000000,0.000000,5.000000,-0.059135,2.744945,0.183260,0.183260,10.500000,1
530,530,50.000000,-10.000000,-50.000000,0.000000,5.000000,-0.050077,2.843601,0.183260,0.183260,10.500000,1
531,531,50.000000,-10.000000,-50.000000,0.000000,5.000000,-0.041163,2.940824,0.183260,0.183260,10.500000,1
532,532,50.000000,-10.000000,-50.000000,0.000000,5.000000,-0.032390,3.036631,0.183260,0.183260,10.500000,1
533,533,50.000000,-10.000000,-50.000000,0.000000,5.000000,-0.023755,3.131039,0.183260,0.183260,10.500000,1
534,534,50.000000,-10.000000,-50.000000,0.000000,5.000000,-0.015256,3.224067,0.183260,0.183260,10.500000,1
535,535,50.000000,-10.000000,-50.000000,0.000000,5.000000,-0.006891,3.315731,0.183260,0.183260,10.500000,1
536,536,50.000000,-10.000000,-50.000000,0.000000,5.000000,0.001343,3.406047,0.183260,0.183260,10.500000,1
537,537,50.000000,-10.000000,-50.000000,0.000000,5.000000,0.009448,3.495031,0.183260,0.183260,10.500000,1
538,538,50.000000,-10.000000,-50.000000,0.000000,5.000000,0.017426,3.582700,0.183260,0.183260,10.500000,1
539,539,50.000000,-10.000000,-50.000000,0.000000,5.000000,0.025279,3.669069,0.183260,0.183260,10.500000,1
540,540,50.000000,-10.000000,-50.000000,0.000000,5.000000,0.033009,3.754153,0.183260,0.183260,10.500000,1
541,541,50.000000,-10.000000,-50.000000,0.000000,5.000000,0.040619,3.837968,0.183260,0.183260,10.500000,1
542,542,50.000000,-10.000000,-50.000000,0.000000,5.000000,0.048110,3.920527,0.183260,0.183260,10.500000,1
543,543,50.000000,-10.000000,-50.000000,0.000000,5.000000,0.055484,4.001846,0.183260,0.183260,10.500000,1
544,544,50.000000,-10.000000,-50.000000,0.000000,5.000000,0.062743,4.081940,0.183260,0.183260,10.500000,1
545,545,50.000000,-10.000000,-50.000000,0.000000,5.000000,0.069888,4.160821,0.183260,0.183260,10.500000,1
546,546,50.000000,-10.000000,-50.000000,0.000000,5.000000,0.076922,4.238504,0.183260,0.183260,10.500000,1
547,547,50.000000,-10.000000,-50.000000,0.000000,5.000000,0.083846,4.315002,0.183260,0.183260,10.500000,1
548,548,50.000000,-10.000000,-50.000000,0.000000,5.000000,0.090662,4.390329,0.183260,0.183260,10.500000,1
549,549,50.000000,-10.000000,-50.000000,0.000000,5.000000,0.097371,4.464499,0.183260,0.183260,10.500000,1
550,550,50.000000,-10.000000,-50.000000,0.000000,5.000000,0.103976,4.537523,0.183260,0.183260,10.500000,1
551,551,50.000000,-10.000000,-50.000000,0.000000,5.000000,0.110477,4.609416,0.183260,0.183260,10.500000,1
552,552,50.000000,-10.000000,-50.000000,0.000000,5.000000,0.116876,4.680189,0.183260,0.183260,10.500000,1
553,553,50.000000,-10.000000,-50.000000,0.000000,5.000000,0.123174,4.749856,0.183260,0.183260,10.500000,1
554,554,50.000000,-10.000000,-50.000000,0.000000,5.000000,0.129374,4.818429,0.183260,0.183260,10.500000,1
555,555,50.000000,-10.000000,-50.000000,0.000000,5.000000,0.135476,4.885920,0.183260,0.183260,10.500000,1
556,556,50.000000,-10.000000,-50.000000,0.000000,5.000000,0.141482,4.952341,0.183260,0.183260,10.500000,1
557,557,50.000000,-10.000000,-50.000000,0.000000,5.000000,0.147392,5.017704,0.183260,0.183260,10.500000,1
558,558,50.000000,-10.000000,-50.000000,0.000000,5.000000,0.153210,5.082021,0.183260,0.183260,10.500000,1
559,559,50.000000,-10.000000,-50.000000,0.000000,5.000000,0.158935,5.145305,0.183260,0.183260,10.500000,1
560,560,50.000000,-10.000000,-50.000000,0.000000,5.000000,0.164568,5.207565,0.183260,0.183260,10.500000,1
561,561,50.000000,-10.000000,-50.000000,0.000000,5.000000,0.170112,5.268815,0.183260,0.183260,10.500000,1
562,562,50.000000,-10.000000,-50.000000,0.000000,5.000000,0.175568,5.329066,0.183260,0.183260,10.500000,1
563,563,50.000000,-10.000000,-50.000000,0.000000,5.000000,0.180936,5.388328,0.183260,0.183260,10.500000,1
564,564,50.000000,-10.000000,-50.000000,0.000000,5.000000,0.186218,5.446614,0.183260,0.183260,10.500000,1
565,565,50.000000,-10.000000,-50.000000,0.000000,5.000000,0.191415,5.503934,0.183260,0.183260,10.500000,1
566,566,50.000000,-10.000000,-50.000000,0.000000,5.000000,0.196528,5.560299,0.183260,0.183260,10.500000,1
567,567,50.000000,-10.000000,-50.000000,0.000000,5.000000,0.201558,5.615721,0.183260,0.183260,10.500000,1
568,568,50.000000,-10.000000,-50.000000,0.000000,5.000000,0.206506,5.670210,0.183260,0.183260,10.500000,1
569,569,50.000000,-10.000000,-50.000000,0.000000,5.000000,0.211373,5.723777,0.183260,0.183260,10.500000,1
570,570,50.000000,-10.000000,-50.000000,0.000000,5.000000,0.216161,5.776433,0.183260,0.183260,10.500000,1
571,571,50.000000,-10.000000,-50.000000,0.000000,5.000000,0.220871,5.828188,0.183260,0.183260,10.500000,1
572,572,50.000000,-10.000000,-50.000000,0.000000,5.000000,0.225503,5.879054,0.183260,0.183260,10.500000,1
573,573,50.000000,-10.000000,-50.000000,0.000000,5.000000,0.230058,5.929040,0.183260,0.183260,10.500000,1
574,574,50.000000,-10.000000,-50.000000,0.000000,5.000000,0.234538,5.978157,0.183260,0.183260,10.500000,1
575,575,50.000000,-10.000000,-50.000000,0.000000,5.000000,0.238943,6.026415,0.183260,0.183260,10.500000,1
576,576,50.000000,-10.000000,-50.000000,0.000000,5.000000,0.243274,6.073825,0.183260,0.183260,10.500000,1
577,577,50.000000,-10.000000,-50.000000,0.000000,5.000000,0.247533,6.120397,0.183260,0.183260,10.500000,1
578,578,50.000000,-10.000000,-50.000000,0.000000,5.000000,0.251721,6.166140,0.183260,0.183260,10.500000,1
579,579,50.000000,-10.000000,-50.000000,0.000000,5.000000,0.255837,6.211066,0.183260,0.183260,10.500000,1
580,580,50.000000,-10.000000,-50.000000,0.000000,5.000000,0.259883,6.255184,0.183260,0.183260,10.500000,1
581,581,50.000000,-10.000000,-50.000000,0.000000,5.000000,0.263861,6.298504,0.183260,0.183260,10.500000,1
582,582,50.000000,-10.000000,-50.000000,0.000000,5.000000,0.267770,6.341035,0.183260,0.183260,10.500000,1
583,583,50.000000,-10.000000,-50.000000,0.000000,5.000000,0.271612,6.382788,0.183260,0.183260,10.500000,1
584,584,50.000000,-10.000000,-50.000000,0.000000,5.000000,0.275388,6.423772,0.183260,0.183260,10.500000,1
585,585,50.000000,-10.000000,-50.000000,0.000000,5.000000,0.279098,6.463997,0.183260,0.183260,10.500000,1
586,586,50.000000,-10.000000,-50.000000,0.000000,5.000000,0.282744,6.503472,0.183260,0.183260,10.500000,1
587,587,50.000000,-10.000000,-50.000000,0.000000,5.000000,0.286325,6.542207,0.183260,0.183260,10.500000,1
588,588,50.000000,-10.000000,-50.000000,0.000000,5.000000,0.289844,6.580210,0.183260,0.183260,10.500000,1
589,589,50.000000,-10.000000,-50.000000,0.000000,5.000000,0.293300,6.617493,0.183260,0.183260,10.500000,1
590,590,50.000000,-10.000000,-50.000000,0.000000,5.000000,0.296695,6.654062,0.183260,0.183260,10.500000,1
591,591,50.000000,-10.000000,-50.000000,0.000000,5.000000,0.300030,6.689929,0.183260,0.183260,10.500000,1
592,592,50.000000,-10.000000,-50.000000,0.000000,5.000000,0.303304,6.725101,0.183260,0.183260,10.500000,1
593,593,50.000000,-10.000000,-50.000000,0.000000,5.000000,0.306519,6.759588,0.183260,0.183260,10.500000,1
594,594,50.000000,-10.000000,-50.000000,0.000000,5.000000,0.309676,6.793399,0.183260,0.183260,10.500000,1
595,595,50.000000,-10.000000,-50.000000,0.000000,5.000000,0.312776,6.826542,0.183260,0.183260,10.500000,1
596,596,50.000000,-10.000000,-50.000000,0.000000,5.000000,0.315818,6.859026,0.183260,0.183260,10.500000,1
597,597,50.000000,-10.000000,-50.000000,0.000000,5.000000,0.318805,6.890860,0.183260,0.183260,10.500000,1
598,598,50.000000,-10.000000,-50.000000,0.000000,5.000000,0.321736,6.922052,0.183260,0.183260,10.500000,1
599,599,50.000000,-10.000000,-50.000000,0.000000,5.000000,0.324612,6.952611,0.183260,0.183260,10.500000,1
600,600,50.000000,-10.000000,-50.000000,0.000000,5.000000,0.327434,6.982545,0.183260,0.183260,10.500000,1
