Time,StepCount,V_current,psi_current_deg,ramp_duration,psi,u_current,v_current,r_current,enable_ramp
3,3,1.500000,0.000000,10.000000,0.608774,0.246105,-0.171559,0.000000,1
4,4,1.500000,0.000000,10.000000,0.604657,0.370214,-0.255816,0.000000,1
5,5,1.500000,0.000000,10.000000,0.601412,0.494723,-0.339484,0.000000,1
6,6,1.500000,0.000000,10.000000,0.598971,0.619437,-0.422845,0.000000,1
7,7,1.500000,0.000000,10.000000,0.597253,0.744195,-0.506136,0.000000,1
8,8,1.500000,0.000000,10.000000,0.596167,0.868868,-0.589549,0.000000,1
9,9,1.500000,0.000000,10.000000,0.595616,0.993364,-0.673223,0.000000,1
10,10,1.500000,0.000000,10.000000,0.595498,1.117623,-0.757244,0.000000,1
11,11,1.500000,0.000000,10.000000,0.595711,1.241625,-0.841646,0.000000,1
12,12,1.500000,0.000000,10.000000,0.596160,1.241247,-0.842203,0.000000,1
13,13,1.500000,0.000000,10.000000,0.596750,1.240749,-0.842936,0.000000,1
14,14,1.500000,0.000000,10.000000,0.597387,1.240212,-0.843726,0.000000,1
15,15,1.500000,0.000000,10.000000,0.597991,1.239703,-0.844474,0.000000,1
16,16,1.500000,0.000000,10.000000,0.598481,1.239288,-0.845082,0.000000,1
17,17,1.500000,0.000000,10.000000,0.598804,1.239015,-0.845483,0.000000,1
18,18,1.500000,0.000000,10.000000,0.598921,1.238916,-0.845628,0.000000,1
19,19,1.500000,0.000000,10.000000,0.598805,1.239015,-0.845484,0.000000,1
20,20,1.500000,0.000000,10.000000,0.598438,1.239325,-0.845029,0.000000,1
21,21,1.500000,0.000000,10.000000,0.597811,1.239855,-0.844252,0.000000,1
22,22,1.500000,0.000000,10.000000,0.596921,1.240605,-0.843148,0.000000,1
23,23,1.500000,0.000000,10.000000,0.595773,1.241572,-0.841723,0.000000,1
24,24,1.500000,0.000000,10.000000,0.594375,1.242748,-0.839987,0.000000,1
25,25,1.500000,0.000000,10.000000,0.592740,1.244120,-0.837953,0.000000,1
26,26,1.500000,0.000000,10.000000,0.590883,1.245673,-0.835642,0.000000,1
27,27,1.500000,0.000000,10.000000,0.588825,1.247391,-0.833076,0.000000,1
28,28,1.500000,0.000000,10.000000,0.586585,1.249253,-0.830281,0.000000,1
29,29,1.500000,0.000000,10.000000,0.584188,1.251241,-0.827283,0.000000,1
30,30,1.500000,0.000000,10.000000,0.581655,1.253332,-0.824112,0.000000,1
31,31,1.500000,0.000000,10.000000,0.579013,1.255505,-0.820797,0.000000,1
32,32,1.500000,0.000000,10.000000,0.576286,1.257738,-0.817370,0.000000,1
33,33,1.500000,0.000000,10.000000,0.573499,1.260012,-0.813861,0.000000,1
34,34,1.500000,0.000000,10.000000,0.570676,1.262304,-0.810302,0.000000,1
35,35,1.500000,0.000000,10.000000,0.567843,1.264595,-0.806722,0.000000,1
36,36,1.500000,0.000000,10.000000,0.565022,1.266865,-0.803152,0.000000,1
37,37,1.500000,0.000000,10.000000,0.562237,1.269097,-0.799620,0.000000,1
38,38,1.500000,0.000000,10.000000,0.559509,1.271274,-0.796155,0.000000,1
39,39,1.500000,0.000000,10.000000,0.556859,1.273379,-0.792783,0.000000,1
40,40,1.500000,0.000000,10.000000,0.554306,1.275399,-0.789531,0.000000,1
41,41,1.500000,0.000000,10.000000,0.551869,1.277319,-0.786420,0.000000,1
42,42,1.500000,0.000000,10.000000,0.549565,1.279128,-0.783474,0.000000,1
43,43,1.500000,0.000000,10.000000,0.547407,1.280815,-0.780713,0.000000,1
44,44,1.500000,0.000000,10.000000,0.545411,1.282371,-0.778155,0.000000,1
45,45,1.500000,0.000000,10.000000,0.543589,1.283787,-0.775816,0.000000,1
46,46,1.500000,0.000000,10.000000,0.541951,1.285056,-0.773712,0.000000,1
47,47,1.500000,0.000000,10.000000,0.540506,1.286172,-0.771855,0.000000,1
48,48,1.500000,0.000000,10.000000,0.539263,1.287131,-0.770256,0.000000,1
49,49,1.500000,0.000000,10.000000,0.538228,1.287928,-0.768923,0.000000,1
50,50,1.500000,0.000000,10.000000,0.537405,1.288560,-0.767863,0.000000,1
51,51,1.500000,0.000000,10.000000,0.536799,1.289025,-0.767082,0.000000,1
52,52,1.500000,0.000000,10.000000,0.536411,1.289323,-0.766581,0.000000,1
53,53,1.500000,0.000000,10.000000,0.536242,1.289452,-0.766363,0.000000,1
54,54,1.500000,0.000000,10.000000,0.536291,1.289414,-0.766427,0.000000,1
55,55,1.500000,0.000000,10.000000,0.536558,1.289210,-0.766772,0.000000,1
56,56,1.500000,0.000000,10.000000,0.537040,1.288840,-0.767392,0.000000,1
57,57,1.500000,0.000000,10.000000,0.537732,1.288309,-0.768284,0.000000,1
58,58,1.500000,0.000000,10.000000,0.538630,1.287619,-0.769440,0.000000,1
59,59,1.500000,0.000000,10.000000,0.539728,1.286773,-0.770854,0.000000,1
60,60,1.500000,0.000000,10.000000,0.541020,1.285776,-0.772516,0.000000,1
61,61,1.500000,0.000000,10.000000,0.542499,1.284632,-0.774416,0.000000,1
62,62,1.500000,0.000000,10.000000,0.544156,1.283347,-0.776545,0.000000,1
63,63,1.500000,0.000000,10.000000,0.545984,1.281925,-0.778889,0.000000,1
64,64,1.500000,0.000000,10.000000,0.547973,1.280374,-0.781437,0.000000,1
65,65,1.500000,0.000000,10.000000,0.550113,1.278698,-0.784175,0.000000,1
66,66,1.500000,0.000000,10.000000,0.552395,1.276905,-0.787091,0.000000,1
67,67,1.500000,0.000000,10.000000,0.554809,1.275002,-0.790171,0.000000,1
68,68,1.500000,0.000000,10.000000,0.557343,1.272995,-0.793400,0.000000,1
69,69,1.500000,0.000000,10.000000,0.559988,1.270893,-0.796764,0.000000,1
70,70,1.500000,0.000000,10.000000,0.562732,1.268701,-0.800248,0.000000,1
71,71,1.500000,0.000000,10.000000,0.565564,1.266430,-0.803838,0.000000,1
72,72,1.500000,0.000000,10.000000,0.568474,1.264085,-0.807520,0.000000,1
73,73,1.500000,0.000000,10.000000,0.571451,1.261676,-0.811280,0.000000,1
74,74,1.500000,0.000000,10.000000,0.574484,1.259209,-0.815102,0.000000,1
75,75,1.500000,0.000000,10.000000,0.577562,1.256694,-0.818975,0.000000,1
76,76,1.500000,0.000000,10.000000,0.580675,1.254138,-0.822883,0.000000,1
77,77,1.500000,0.000000,10.000000,0.583814,1.251550,-0.826815,0.000000,1
78,78,1.500000,0.000000,10.000000,0.586967,1.248937,-0.830757,0.000000,1
79,79,1.500000,0.000000,10.000000,0.590126,1.246306,-0.834698,0.000000,1
80,80,1.500000,0.000000,10.000000,0.593281,1.243667,-0.838626,0.000000,1
81,81,1.500000,0.000000,10.000000,0.596423,1.241025,-0.842530,0.000000,1
82,82,1.500000,0.000000,10.000000,0.599544,1.238389,-0.846399,0.000000,1
83,83,1.500000,0.000000,10.000000,0.602637,1.235766,-0.850225,0.000000,1
84,84,1.500000,0.000000,10.000000,0.605692,1.233162,-0.853997,0.000000,1
85,85,1.500000,0.000000,10.000000,0.608704,1.230584,-0.857707,0.000000,1
86,86,1.500000,0.000000,10.000000,0.611666,1.228039,-0.861348,0.000000,1
87,87,1.500000,0.000000,10.000000,0.614571,1.225531,-0.864912,0.000000,1
88,88,1.500000,0.000000,10.000000,0.617414,1.223067,-0.868393,0.000000,1
89,89,1.500000,0.000000,10.000000,0.620190,1.220652,-0.871785,0.000000,1
90,90,1.500000,0.000000,10.000000,0.622894,1.218290,-0.875083,0.000000,1
91,91,1.500000,0.000000,10.000000,0.625522,1.215986,-0.878281,0.000000,1
92,92,1.500000,0.000000,10.000000,0.628071,1.213744,-0.881377,0.000000,1
93,93,1.500000,0.000000,10.000000,0.630536,1.211567,-0.884367,0.000000,1
94,94,1.500000,0.000000,10.000000,0.632916,1.209459,-0.887248,0.000000,1
95,95,1.500000,0.000000,10.000000,0.635208,1.207423,-0.890017,0.000000,1
96,96,1.500000,0.000000,10.000000,0.637410,1.205459,-0.892674,0.000000,1
97,97,1.500000,0.000000,10.000000,0.639522,1.203572,-0.895218,0.000000,1
98,98,1.500000,0.000000,10.000000,0.641541,1.201761,-0.897647,0.000000,1
99,99,1.500000,0.000000,10.000000,0.643469,1.200029,-0.899961,0.000000,1
100,100,1.500000,0.000000,10.000000,0.645304,1.198376,-0.902162,0.000000,1
101,101,1.500000,0.000000,10.000000,0.647047,1.196801,-0.904249,0.000000,1
102,102,1.500000,0.000000,10.000000,0.648698,1.195306,-0.906224,0.000000,1
103,103,1.500000,0.000000,10.000000,0.650259,1.193890,-0.908089,0.000000,1
104,104,1.500000,0.000000,10.000000,0.651731,1.192552,-0.909845,0.000000,1
105,105,1.500000,0.000000,10.000000,0.653115,1.191292,-0.911495,0.000000,1
106,106,1.500000,0.000000,10.000000,0.654414,1.190107,-0.913041,0.000000,1
107,107,1.500000,0.000000,10.000000,0.655629,1.188997,-0.914487,0.000000,1
108,108,1.500000,0.000000,10.000000,0.656762,1.187960,-0.915834,0.000000,1
109,109,1.500000,0.000000,10.000000,0.657817,1.186993,-0.917087,0.000000,1
110,110,1.500000,0.000000,10.000000,0.658796,1.186094,-0.918248,0.000000,1
111,111,1.500000,0.000000,10.000000,0.659702,1.185262,-0.919322,0.000000,1
112,112,1.500000,0.000000,10.000000,0.660538,1.184493,-0.920313,0.000000,1
113,113,1.500000,0.000000,10.000000,0.661307,1.183785,-0.921223,0.000000,1
114,114,1.500000,0.000000,10.000000,0.662012,1.183135,-0.922058,0.000000,1
115,115,1.500000,0.000000,10.000000,0.662657,1.182541,-0.922821,0.000000,1
116,116,1.500000,0.000000,10.000000,0.663245,1.181998,-0.923516,0.000000,1
117,117,1.500000,0.000000,10.000000,0.663779,1.181504,-0.924147,0.000000,1
118,118,1.500000,0.000000,10.000000,0.664263,1.181057,-0.924719,0.000000,1
119,119,1.500000,0.000000,10.000000,0.664701,1.180652,-0.925236,0.000000,1
120,120,1.500000,0.000000,10.000000,0.665095,1.180287,-0.925701,0.000000,1
121,121,1.500000,0.000000,10.000000,0.665450,1.179959,-0.926120,0.000000,1
122,122,1.500000,0.000000,10.000000,0.665768,1.179664,-0.926495,0.000000,1
123,123,1.500000,0.000000,10.000000,0.666053,1.179400,-0.926831,0.000000,1
124,124,1.500000,0.000000,10.000000,0.666308,1.179164,-0.927132,0.000000,1
125,125,1.500000,0.000000,10.000000,0.666536,1.178952,-0.927401,0.000000,1
126,126,1.500000,0.000000,10.000000,0.666741,1.178762,-0.927642,0.000000,1
127,127,1.500000,0.000000,10.000000,0.666925,1.178592,-0.927859,0.000000,1
128,128,1.500000,0.000000,10.000000,0.667091,1.178438,-0.928054,0.000000,1
129,129,1.500000,0.000000,10.000000,0.667242,1.178297,-0.928232,0.000000,1
130,130,1.500000,0.000000,10.000000,0.667380,1.178169,-0.928396,0.000000,1
131,131,1.500000,0.000000,10.000000,0.667509,1.178049,-0.928547,0.000000,1
132,132,1.500000,0.000000,10.000000,0.667630,1.177937,-0.928690,0.000000,1
133,133,1.500000,0.000000,10.000000,0.667746,1.177830,-0.928826,0.000000,1
134,134,1.500000,0.000000,10.000000,0.667858,1.177725,-0.928958,0.000000,1
135,135,1.500000,0.000000,10.000000,0.667969,1.177622,-0.929089,0.000000,1
136,136,1.500000,0.000000,10.000000,0.668081,1.177518,-0.929221,0.000000,1
137,137,1.500000,0.000000,10.000000,0.668194,1.177413,-0.929354,0.000000,1
138,138,1.500000,0.000000,10.000000,0.668312,1.177303,-0.929493,0.000000,1
139,139,1.500000,0.000000,10.000000,0.668434,1.177189,-0.929637,0.000000,1
140,140,1.500000,0.000000,10.000000,0.668563,1.177070,-0.929789,0.000000,1
141,141,1.500000,0.000000,10.000000,0.668699,1.176943,-0.929949,0.000000,1
142,142,1.500000,0.000000,10.000000,0.668844,1.176809,-0.930119,0.000000,1
143,143,1.500000,0.000000,10.000000,0.668998,1.176666,-0.930300,0.000000,1
144,144,1.500000,0.000000,10.000000,0.669161,1.176513,-0.930492,0.000000,1
145,145,1.500000,0.000000,10.000000,0.669335,1.176351,-0.930697,0.000000,1
146,146,1.500000,0.000000,10.000000,0.669520,1.176179,-0.930915,0.000000,1
147,147,1.500000,0.000000,10.000000,0.671421,1.174408,-0.933149,0.000000,1
148,148,1.500000,0.000000,10.000000,0.674921,1.171134,-0.937254,0.000000,1
149,149,1.500000,0.000000,10.000000,0.679903,1.166451,-0.943076,0.000000,1
150,150,1.500000,0.000000,10.000000,0.686245,1.160446,-0.950455,0.000000,1
151,151,1.500000,0.000000,10.000000,0.693828,1.153206,-0.959227,0.000000,1
152,152,1.500000,0.000000,10.000000,0.702532,1.144813,-0.969228,0.000000,1
153,153,1.500000,0.000000,10.000000,0.712237,1.135353,-0.980293,0.000000,1
154,154,1.500000,0.000000,10.000000,0.722828,1.124907,-0.992262,0.000000,1
155,155,1.500000,0.000000,10.000000,0.734191,1.113560,-1.004980,0.000000,1
156,156,1.500000,0.000000,10.000000,0.746214,1.101396,-1.018296,0.000000,1
157,157,1.500000,0.000000,10.000000,0.758792,1.088502,-1.032068,0.000000,1
158,158,1.500000,0.000000,10.000000,0.771820,1.074964,-1.046161,0.000000,1
159,159,1.500000,0.000000,10.000000,0.785202,1.060868,-1.060452,0.000000,1
160,160,1.500000,0.000000,10.000000,0.798843,1.046304,-1.074825,0.000000,1
161,161,1.500000,0.000000,10.000000,0.812656,1.031358,-1.089174,0.000000,1
162,162,1.500000,0.000000,10.000000,0.826558,1.016118,-1.103406,0.000000,1
163,163,1.500000,0.000000,10.000000,0.840470,1.000669,-1.117435,0.000000,1
164,164,1.500000,0.000000,10.000000,0.854321,0.985096,-1.131188,0.000000,1
165,165,1.500000,0.000000,10.000000,0.868044,0.969481,-1.144599,0.000000,1
166,166,1.500000,0.000000,10.000000,0.881578,0.953901,-1.157615,0.000000,1
167,167,1.500000,0.000000,10.000000,0.894867,0.938434,-1.170189,0.000000,1
168,168,1.500000,0.000000,10.000000,0.907861,0.923150,-1.182284,0.000000,1
169,169,1.500000,0.000000,10.000000,0.920515,0.908116,-1.193870,0.000000,1
170,170,1.500000,0.000000,10.000000,0.932789,0.893394,-1.204926,0.000000,1
171,171,1.500000,0.000000,10.000000,0.944648,0.879042,-1.215436,0.000000,1
172,172,1.500000,0.000000,10.000000,0.956063,0.865111,-1.225391,0.000000,1
173,173,1.500000,0.000000,10.000000,0.967007,0.851648,-1.234785,0.000000,1
174,174,1.500000,0.000000,10.000000,0.977461,0.838694,-1.243621,0.000000,1
175,175,1.500000,0.000000,10.000000,0.987407,0.826283,-1.251901,0.000000,1
176,176,1.500000,0.000000,10.000000,0.996834,0.814446,-1.259634,0.000000,1
177,177,1.500000,0.000000,10.000000,1.005732,0.803205,-1.266831,0.000000,1
178,178,1.500000,0.000000,10.000000,1.014097,0.792581,-1.273505,0.000000,1
179,179,1.500000,0.000000,10.000000,1.021926,0.782586,-1.279672,0.000000,1
180,180,1.500000,0.000000,10.000000,1.029222,0.773229,-1.285347,0.000000,1
181,181,1.500000,0.000000,10.000000,1.035988,0.764515,-1.290549,0.000000,1
182,182,1.500000,0.000000,10.000000,1.042231,0.756442,-1.295297,0.000000,1
183,183,1.500000,0.000000,10.000000,1.047961,0.749007,-1.299611,0.000000,1
184,184,1.500000,0.000000,10.000000,1.053190,0.742202,-1.303509,0.000000,1
185,185,1.500000,0.000000,10.000000,1.057931,0.736014,-1.307013,0.000000,1
186,186,1.500000,0.000000,10.000000,1.062198,0.730430,-1.310142,0.000000,1
187,187,1.500000,0.000000,10.000000,1.066009,0.725431,-1.312916,0.000000,1
188,188,1.500000,0.000000,10.000000,1.069382,0.720999,-1.315356,0.000000,1
189,189,1.500000,0.000000,10.000000,1.072336,0.717110,-1.317480,0.000000,1
190,190,1.500000,0.000000,10.000000,1.074891,0.713742,-1.319307,0.000000,1
191,191,1.500000,0.000000,10.000000,1.077067,0.710869,-1.320858,0.000000,1
192,192,1.500000,0.000000,10.000000,1.078887,0.708465,-1.322149,0.000000,1
193,193,1.500000,0.000000,10.000000,1.080370,0.706503,-1.323198,0.000000,1
194,194,1.500000,0.000000,10.000000,1.081540,0.704954,-1.324024,0.000000,1
195,195,1.500000,0.000000,10.000000,1.082419,0.703791,-1.324643,0.000000,1
196,196,1.500000,0.000000,10.000000,1.083028,0.702984,-1.325071,0.000000,1
197,197,1.500000,0.000000,10.000000,1.083388,0.702506,-1.325325,0.000000,1
198,198,1.500000,0.000000,10.000000,1.083523,0.702328,-1.325419,0.000000,1
199,199,1.500000,0.000000,10.000000,1.083451,0.702422,-1.325369,0.000000,1
200,200,1.500000,0.000000,10.000000,1.083195,0.702762,-1.325189,0.000000,1
201,201,1.500000,0.000000,10.000000,1.082775,0.703319,-1.324893,0.000000,1
202,202,1.500000,0.000000,10.000000,1.082209,0.704069,-1.324495,0.000000,1
203,203,1.500000,0.000000,10.000000,1.081516,0.704986,-1.324007,0.000000,1
204,204,1.500000,0.000000,10.000000,1.080715,0.706047,-1.323442,0.000000,1
205,205,1.500000,0.000000,10.000000,1.079822,0.707228,-1.322811,0.000000,1
206,206,1.500000,0.000000,10.000000,1.078854,0.708508,-1.322126,0.000000,1
207,207,1.500000,0.000000,10.000000,1.077826,0.709866,-1.321397,0.000000,1
208,208,1.500000,0.000000,10.000000,1.076754,0.711283,-1.320635,0.000000,1
209,209,1.500000,0.000000,10.000000,1.075650,0.712741,-1.319849,0.000000,1
210,210,1.500000,0.000000,10.000000,1.074528,0.714221,-1.319048,0.000000,1
211,211,1.500000,0.000000,10.000000,1.073399,0.715710,-1.318241,0.000000,1
212,212,1.500000,0.000000,10.000000,1.072274,0.717192,-1.317435,0.000000,1
213,213,1.500000,0.000000,10.000000,1.071164,0.718654,-1.316638,0.000000,1
214,214,1.500000,0.000000,10.000000,1.070078,0.720083,-1.315857,0.000000,1
215,215,1.500000,0.000000,10.000000,1.069024,0.721470,-1.315097,0.000000,1
216,216,1.500000,0.000000,10.000000,1.068010,0.722803,-1.314365,0.000000,1
217,217,1.500000,0.000000,10.000000,1.067042,0.724076,-1.313665,0.000000,1
218,218,1.500000,0.000000,10.000000,1.066126,0.725278,-1.313001,0.000000,1
219,219,1.500000,0.000000,10.000000,1.065267,0.726405,-1.312378,0.000000,1
220,220,1.500000,0.000000,10.000000,1.064470,0.727451,-1.311798,0.000000,1
221,221,1.500000,0.000000,10.000000,1.063739,0.728410,-1.311266,0.000000,1
222,222,1.500000,0.000000,10.000000,1.063076,0.729280,-1.310783,0.000000,1
223,223,1.500000,0.000000,10.000000,1.062484,0.730056,-1.310350,0.000000,1
224,224,1.500000,0.000000,10.000000,1.061964,0.730737,-1.309971,0.000000,1
225,225,1.500000,0.000000,10.000000,1.061518,0.731321,-1.309645,0.000000,1
226,226,1.500000,0.000000,10.000000,1.061147,0.731807,-1.309373,0.000000,1
227,227,1.500000,0.000000,10.000000,1.060850,0.732196,-1.309156,0.000000,1
228,228,1.500000,0.000000,10.000000,1.060628,0.732487,-1.308993,0.000000,1
229,229,1.500000,0.000000,10.000000,1.060479,0.732681,-1.308884,0.000000,1
230,230,1.500000,0.000000,10.000000,1.060404,0.732780,-1.308829,0.000000,1
231,231,1.500000,0.000000,10.000000,1.060399,0.732785,-1.308826,0.000000,1
232,232,1.500000,0.000000,10.000000,1.060465,0.732700,-1.308874,0.000000,1
233,233,1.500000,0.000000,10.000000,1.060598,0.732525,-1.308972,0.000000,1
234,234,1.500000,0.000000,10.000000,1.060797,0.732265,-1.309117,0.000000,1
235,235,1.500000,0.000000,10.000000,1.061060,0.731921,-1.309309,0.000000,1
236,236,1.500000,0.000000,10.000000,1.061382,0.731498,-1.309546,0.000000,1
237,237,1.500000,0.000000,10.000000,1.061763,0.731000,-1.309824,0.000000,1
238,238,1.500000,0.000000,10.000000,1.062199,0.730429,-1.310143,0.000000,1
239,239,1.500000,0.000000,10.000000,1.062687,0.729789,-1.310499,0.000000,1
240,240,1.500000,0.000000,10.000000,1.063224,0.729085,-1.310891,0.000000,1
241,241,1.500000,0.000000,10.000000,1.063807,0.728321,-1.311316,0.000000,1
242,242,1.500000,0.000000,10.000000,1.064433,0.727500,-1.311771,0.000000,1
243,243,1.500000,0.000000,10.000000,1.065099,0.726626,-1.312255,0.000000,1
244,244,1.500000,0.000000,10.000000,1.065802,0.725704,-1.312766,0.000000,1
245,245,1.500000,0.000000,10.000000,1.066538,0.724738,-1.313299,0.000000,1
246,246,1.500000,0.000000,10.000000,1.067304,0.723731,-1.313854,0.000000,1
247,247,1.500000,0.000000,10.000000,1.068098,0.722687,-1.314429,0.000000,1
248,248,1.500000,0.000000,10.000000,1.068917,0.721611,-1.315020,0.000000,1
249,249,1.500000,0.000000,10.000000,1.069757,0.720506,-1.315626,0.000000,1
250,250,1.500000,0.000000,10.000000,1.070616,0.719375,-1.316244,0.000000,1
251,251,1.500000,0.000000,10.000000,1.071492,0.718222,-1.316874,0.000000,1
252,252,1.500000,0.000000,10.000000,1.072381,0.717051,-1.317512,0.000000,1
253,253,1.500000,0.000000,10.000000,1.073282,0.715864,-1.318157,0.000000,1
254,254,1.500000,0.000000,10.000000,1.074191,0.714666,-1.318807,0.000000,1
255,255,1.500000,0.000000,10.000000,1.075107,0.713457,-1.319462,0.000000,1
256,256,1.500000,0.000000,10.000000,1.076028,0.712242,-1.320118,0.000000,1
257,257,1.500000,0.000000,10.000000,1.076951,0.711023,-1.320775,0.000000,1
258,258,1.500000,0.000000,10.000000,1.077874,0.709803,-1.321431,0.000000,1
259,259,1.500000,0.000000,10.000000,1.078797,0.708583,-1.322085,0.000000,1
260,260,1.500000,0.000000,10.000000,1.079717,0.707367,-1.322737,0.000000,1
261,261,1.500000,0.000000,10.000000,1.080633,0.706155,-1.323384,0.000000,1
262,262,1.500000,0.000000,10.000000,1.081544,0.704950,-1.324026,0.000000,1
263,263,1.500000,0.000000,10.000000,1.082447,0.703753,-1.324663,0.000000,1
264,264,1.500000,0.000000,10.000000,1.083343,0.702566,-1.325293,0.000000,1
265,265,1.500000,0.000000,10.000000,1.084230,0.701390,-1.325915,0.000000,1
266,266,1.500000,0.000000,10.000000,1.085107,0.700227,-1.326530,0.000000,1
267,267,1.500000,0.000000,10.000000,1.085974,0.699077,-1.327136,0.000000,1
268,268,1.500000,0.000000,10.000000,1.086829,0.697942,-1.327734,0.000000,1
269,269,1.500000,0.000000,10.000000,1.087672,0.696822,-1.328322,0.000000,1
270,270,1.500000,0.000000,10.000000,1.088504,0.695717,-1.328901,0.000000,1
271,271,1.500000,0.000000,10.000000,1.089322,0.694629,-1.329470,0.000000,1
272,272,1.500000,0.000000,10.000000,1.090128,0.693558,-1.330029,0.000000,1
273,273,1.500000,0.000000,10.000000,1.090920,0.692504,-1.330578,0.000000,1
274,274,1.500000,0.000000,10.000000,1.091699,0.691468,-1.331117,0.000000,1
275,275,1.500000,0.000000,10.000000,1.092464,0.690449,-1.331646,0.000000,1
276,276,1.500000,0.000000,10.000000,1.093216,0.689447,-1.332165,0.000000,1
277,277,1.500000,0.000000,10.000000,1.093955,0.688463,-1.332673,0.000000,1
278,278,1.500000,0.000000,10.000000,1.094680,0.687497,-1.333172,0.000000,1
279,279,1.500000,0.000000,10.000000,1.095392,0.686547,-1.333661,0.000000,1
280,280,1.500000,0.000000,10.000000,1.096091,0.685615,-1.334141,0.000000,1
281,281,1.500000,0.000000,10.000000,1.096777,0.684699,-1.334611,0.000000,1
282,282,1.500000,0.000000,10.000000,1.097451,0.683800,-1.335072,0.000000,1
283,283,1.500000,0.000000,10.000000,1.098113,0.682916,-1.335525,0.000000,1
284,284,1.500000,0.000000,10.000000,1.098763,0.682048,-1.335968,0.000000,1
285,285,1.500000,0.000000,10.000000,1.099401,0.681195,-1.336403,0.000000,1
286,286,1.500000,0.000000,10.000000,1.100029,0.680356,-1.336831,0.000000,1
287,287,1.500000,0.000000,10.000000,1.100646,0.679531,-1.337250,0.000000,1
288,288,1.500000,0.000000,10.000000,1.101252,0.678720,-1.337662,0.000000,1
289,289,1.500000,0.000000,10.000000,1.101849,0.677921,-1.338067,0.000000,1
290,290,1.500000,0.000000,10.000000,1.102437,0.677135,-1.338465,0.000000,1
291,291,1.500000,0.000000,10.000000,1.103015,0.676360,-1.338856,0.000000,1
292,292,1.500000,0.000000,10.000000,1.103585,0.675597,-1.339242,0.000000,1
293,293,1.500000,0.000000,10.000000,1.104147,0.674844,-1.339621,0.000000,1
294,294,1.500000,0.000000,10.000000,1.104702,0.674101,-1.339995,0.000000,1
295,295,1.500000,0.000000,10.000000,1.105249,0.673368,-1.340364,0.000000,1
296,296,1.500000,0.000000,10.000000,1.105790,0.672643,-1.340728,0.000000,1
297,297,1.500000,0.000000,10.000000,1.106324,0.671927,-1.341087,0.000000,1
298,298,1.500000,0.000000,10.000000,1.106852,0.671218,-1.341442,0.000000,1
299,299,1.500000,0.000000,10.000000,1.107348,0.670553,-1.341774,0.000000,1
300,300,1.500000,0.000000,10.000000,1.105621,0.672869,-1.340615,0.000000,1
301,301,1.500000,0.000000,10.000000,1.101681,0.678146,-1.337953,0.000000,1
302,302,1.500000,0.000000,10.000000,1.095535,0.686356,-1.333760,0.000000,1
303,303,1.500000,0.000000,10.000000,1.087190,0.697462,-1.327986,0.000000,1
304,304,1.500000,0.000000,10.000000,1.076655,0.711414,-1.320564,0.000000,1
305,305,1.500000,0.000000,10.000000,1.063936,0.728152,-1.311409,0.000000,1
306,306,1.500000,0.000000,10.000000,1.049041,0.747604,-1.300419,0.000000,1
307,307,1.500000,0.000000,10.000000,1.031979,0.769682,-1.287474,0.000000,1
308,308,1.500000,0.000000,10.000000,1.012756,0.794288,-1.272441,0.000000,1
309,309,1.500000,0.000000,10.000000,0.991565,0.821071,-1.255326,0.000000,1
310,310,1.500000,0.000000,10.000000,0.968613,0.849664,-1.236151,0.000000,1
311,311,1.500000,0.000000,10.000000,0.944102,0.879706,-1.214956,0.000000,1
312,312,1.500000,0.000000,10.000000,0.918230,0.910841,-1.191792,0.000000,1
313,313,1.500000,0.000000,10.000000,0.891190,0.942730,-1.166731,0.000000,1
314,314,1.500000,0.000000,10.000000,0.863171,0.975047,-1.139861,0.000000,1
315,315,1.500000,0.000000,10.000000,0.834353,1.007486,-1.111293,0.000000,1
316,316,1.500000,0.000000,10.000000,0.804912,1.039762,-1.081154,0.000000,1
317,317,1.500000,0.000000,10.000000,0.775016,1.071615,-1.049591,0.000000,1
318,318,1.500000,0.000000,10.000000,0.744825,1.102810,-1.016765,0.000000,1
319,319,1.500000,0.000000,10.000000,0.714493,1.133138,-0.982852,0.000000,1
320,320,1.500000,0.000000,10.000000,0.684164,1.162422,-0.948038,0.000000,1
321,321,1.500000,0.000000,10.000000,0.653974,1.190509,-0.912517,0.000000,1
322,322,1.500000,0.000000,10.000000,0.624051,1.217277,-0.876491,0.000000,1
323,323,1.500000,0.000000,10.000000,0.594514,1.242631,-0.840159,0.000000,1
324,324,1.500000,0.000000,10.000000,0.565473,1.266503,-0.803723,0.000000,1
325,325,1.500000,0.000000,10.000000,0.537029,1.288848,-0.767379,0.000000,1
326,326,1.500000,0.000000,10.000000,0.509275,1.309647,-0.731317,0.000000,1
327,327,1.500000,0.000000,10.000000,0.482294,1.328900,-0.695719,0.000000,1
328,328,1.500000,0.000000,10.000000,0.456160,1.346626,-0.660756,0.000000,1
329,329,1.500000,0.000000,10.000000,0.430938,1.362862,-0.626584,0.000000,1
330,330,1.500000,0.000000,10.000000,0.406682,1.377658,-0.593346,0.000000,1
331,331,1.500000,0.000000,10.000000,0.383440,1.391075,-0.561170,0.000000,1
332,332,1.500000,0.000000,10.000000,0.361254,1.403182,-0.530171,0.000000,1
333,333,1.500000,0.000000,10.000000,0.340156,1.414054,-0.500451,0.000000,1
334,334,1.500000,0.000000,10.000000,0.320172,1.423772,-0.472095,0.000000,1
335,335,1.500000,0.000000,10.000000,0.301324,1.432417,-0.445177,0.000000,1
336,336,1.500000,0.000000,10.000000,0.283624,1.440072,-0.419755,0.000000,1
337,337,1.500000,0.000000,10.000000,0.267079,1.446819,-0.395873,0.000000,1
338,338,1.500000,0.000000,10.000000,0.251692,1.452739,-0.373565,0.000000,1
339,339,1.500000,0.000000,10.000000,0.237458,1.457908,-0.352850,0.000000,1
340,340,1.500000,0.000000,10.000000,0.224369,1.462402,-0.333736,0.000000,1
341,341,1.500000,0.000000,10.000000,0.212405,1.466290,-0.316218,0.000000,1
342,342,1.500000,0.000000,10.000000,0.201546,1.469637,-0.300277,0.000000,1
343,343,1.500000,0.000000,10.000000,0.191766,1.472504,-0.285890,0.000000,1
344,344,1.500000,0.000000,10.000000,0.183036,1.474943,-0.273023,0.000000,1
345,345,1.500000,0.000000,10.000000,0.175322,1.477006,-0.261638,0.000000,1
346,346,1.500000,0.000000,10.000000,0.168590,1.478733,-0.251689,0.000000,1
347,347,1.500000,0.000000,10.000000,0.162803,1.480165,-0.243127,0.000000,1
348,348,1.500000,0.000000,10.000000,0.157919,1.481335,-0.235896,0.000000,1
349,349,1.500000,0.000000,10.000000,0.153899,1.482271,-0.229938,0.000000,1
350,350,1.500000,0.000000,10.000000,0.150697,1.483000,-0.225192,0.000000,1
351,351,1.500000,0.000000,10.000000,0.148272,1.483542,-0.221593,0.000000,1
352,352,1.500000,0.000000,10.000000,0.146576,1.483916,-0.219077,0.000000,1
353,353,1.500000,0.000000,10.000000,0.145564,1.484136,-0.217575,0.000000,1
354,354,1.500000,0.000000,10.000000,0.145190,1.484218,-0.217020,0.000000,1
355,355,1.500000,0.000000,10.000000,0.145407,1.484171,-0.217342,0.000000,1
356,356,1.500000,0.000000,10.000000,0.146169,1.484005,-0.218473,0.000000,1
357,357,1.500000,0.000000,10.000000,0.147429,1.483728,-0.220344,0.000000,1
358,358,1.500000,0.000000,10.000000,0.149143,1.483348,-0.222886,0.000000,1
359,359,1.500000,0.000000,10.000000,0.151265,1.482872,-0.226033,0.000000,1
360,360,1.500000,0.000000,10.000000,0.153750,1.482305,-0.229718,0.000000,1
361,361,1.500000,0.000000,10.000000,0.156557,1.481655,-0.233878,0.000000,1
362,362,1.500000,0.000000,10.000000,0.159643,1.480926,-0.238448,0.000000,1
363,363,1.500000,0.000000,10.000000,0.162967,1.480125,-0.243370,0.000000,1
364,364,1.500000,0.000000,10.000000,0.166491,1.479258,-0.248585,0.000000,1
365,365,1.500000,0.000000,10.000000,0.170178,1.478332,-0.254037,0.000000,1
366,366,1.500000,0.000000,10.000000,0.173991,1.477352,-0.259672,0.000000,1
367,367,1.500000,0.000000,10.000000,0.177898,1.476327,-0.265441,0.000000,1
368,368,1.500000,0.000000,10.000000,0.181865,1.475262,-0.271297,0.000000,1
369,369,1.500000,0.000000,10.000000,0.185864,1.474165,-0.277193,0.000000,1
370,370,1.500000,0.000000,10.000000,0.189866,1.473044,-0.283091,0.000000,1
371,371,1.500000,0.000000,10.000000,0.193845,1.471906,-0.288950,0.000000,1
372,372,1.500000,0.000000,10.000000,0.197778,1.470758,-0.294736,0.000000,1
373,373,1.500000,0.000000,10.000000,0.201642,1.469608,-0.300418,0.000000,1
374,374,1.500000,0.000000,10.000000,0.205419,1.468463,-0.305966,0.000000,1
375,375,1.500000,0.000000,10.000000,0.209090,1.467330,-0.311354,0.000000,1
376,376,1.500000,0.000000,10.000000,0.212639,1.466216,-0.316560,0.000000,1
377,377,1.500000,0.000000,10.000000,0.216053,1.465127,-0.321564,0.000000,1
378,378,1.500000,0.000000,10.000000,0.219320,1.464068,-0.326349,0.000000,1
379,379,1.500000,0.000000,10.000000,0.222430,1.463046,-0.330900,0.000000,1
380,380,1.500000,0.000000,10.000000,0.225374,1.462066,-0.335207,0.000000,1
381,381,1.500000,0.000000,10.000000,0.228146,1.461131,-0.339258,0.000000,1
382,382,1.500000,0.000000,10.000000,0.230741,1.460246,-0.343048,0.000000,1
383,383,1.500000,0.000000,10.000000,0.233155,1.459414,-0.346572,0.000000,1
384,384,1.500000,0.000000,10.000000,0.235385,1.458637,-0.349827,0.000000,1
385,385,1.500000,0.000000,10.000000,0.237432,1.457918,-0.352811,0.000000,1
386,386,1.500000,0.000000,10.000000,0.239295,1.457258,-0.355527,0.000000,1
387,387,1.500000,0.000000,10.000000,0.240976,1.456658,-0.357976,0.000000,1
388,388,1.500000,0.000000,10.000000,0.242478,1.456119,-0.360163,0.000000,1
389,389,1.500000,0.000000,10.000000,0.243803,1.455641,-0.362092,0.000000,1
390,390,1.500000,0.000000,10.000000,0.244956,1.455222,-0.363770,0.000000,1
391,391,1.500000,0.000000,10.000000,0.245941,1.454863,-0.365204,0.000000,1
392,392,1.500000,0.000000,10.000000,0.246766,1.454561,-0.366403,0.000000,1
393,393,1.500000,0.000000,10.000000,0.247435,1.454316,-0.367376,0.000000,1
394,394,1.500000,0.000000,10.000000,0.247955,1.454125,-0.368133,0.000000,1
395,395,1.500000,0.000000,10.000000,0.248333,1.453985,-0.368683,0.000000,1
396,396,1.500000,0.000000,10.000000,0.248577,1.453895,-0.369038,0.000000,1
397,397,1.500000,0.000000,10.000000,0.248694,1.453852,-0.369208,0.000000,1
398,398,1.500000,0.000000,10.000000,0.248693,1.453853,-0.369205,0.000000,1
399,399,1.500000,0.000000,10.000000,0.248580,1.453894,-0.369041,0.000000,1
400,400,1.500000,0.000000,10.000000,0.248364,1.453974,-0.368727,0.000000,1
401,401,1.500000,0.000000,10.000000,0.248052,1.454089,-0.368275,0.000000,1
402,402,1.500000,0.000000,10.000000,0.247654,1.454235,-0.367695,0.000000,1
403,403,1.500000,0.000000,10.000000,0.247176,1.454411,-0.367000,0.000000,1
404,404,1.500000,0.000000,10.000000,0.246627,1.454612,-0.366201,0.000000,1
405,405,1.500000,0.000000,10.000000,0.246013,1.454837,-0.365309,0.000000,1
406,406,1.500000,0.000000,10.000000,0.245343,1.455081,-0.364334,0.000000,1
407,407,1.500000,0.000000,10.000000,0.244624,1.455343,-0.363287,0.000000,1
408,408,1.500000,0.000000,10.000000,0.243862,1.455619,-0.362178,0.000000,1
409,409,1.500000,0.000000,10.000000,0.243064,1.455908,-0.361016,0.000000,1
410,410,1.500000,0.000000,10.000000,0.242236,1.456206,-0.359811,0.000000,1
411,411,1.500000,0.000000,10.000000,0.241385,1.456512,-0.358572,0.000000,1
412,412,1.500000,0.000000,10.000000,0.240517,1.456823,-0.357307,0.000000,1
413,413,1.500000,0.000000,10.000000,0.239636,1.457137,-0.356023,0.000000,1
414,414,1.500000,0.000000,10.000000,0.238748,1.457452,-0.354729,0.000000,1
415,415,1.500000,0.000000,10.000000,0.237858,1.457768,-0.353432,0.000000,1
416,416,1.500000,0.000000,10.000000,0.236969,1.458081,-0.352137,0.000000,1
417,417,1.500000,0.000000,10.000000,0.236087,1.458391,-0.350850,0.000000,1
418,418,1.500000,0.000000,10.000000,0.235215,1.458696,-0.349578,0.000000,1
419,419,1.500000,0.000000,10.000000,0.234356,1.458996,-0.348326,0.000000,1
420,420,1.500000,0.000000,10.000000,0.233514,1.459289,-0.347097,0.000000,1
421,421,1.500000,0.000000,10.000000,0.232691,1.459574,-0.345896,0.000000,1
422,422,1.500000,0.000000,10.000000,0.231890,1.459851,-0.344727,0.000000,1
423,423,1.500000,0.000000,10.000000,0.231113,1.460118,-0.343592,0.000000,1
424,424,1.500000,0.000000,10.000000,0.230362,1.460376,-0.342495,0.000000,1
425,425,1.500000,0.000000,10.000000,0.229639,1.460623,-0.341439,0.000000,1
426,426,1.500000,0.000000,10.000000,0.228944,1.460860,-0.340424,0.000000,1
427,427,1.500000,0.000000,10.000000,0.228279,1.461086,-0.339452,0.000000,1
428,428,1.500000,0.000000,10.000000,0.227645,1.461301,-0.338526,0.000000,1
429,429,1.500000,0.000000,10.000000,0.227042,1.461505,-0.337645,0.000000,1
430,430,1.500000,0.000000,10.000000,0.226471,1.461697,-0.336810,0.000000,1
431,431,1.500000,0.000000,10.000000,0.225932,1.461879,-0.336023,0.000000,1
432,432,1.500000,0.000000,10.000000,0.225425,1.462049,-0.335281,0.000000,1
433,433,1.500000,0.000000,10.000000,0.224950,1.462208,-0.334586,0.000000,1
434,434,1.500000,0.000000,10.000000,0.224506,1.462356,-0.333937,0.000000,1
435,435,1.500000,0.000000,10.000000,0.224093,1.462494,-0.333333,0.000000,1
436,436,1.500000,0.000000,10.000000,0.223710,1.462622,-0.332773,0.000000,1
437,437,1.500000,0.000000,10.000000,0.223357,1.462739,-0.332256,0.000000,1
438,438,1.500000,0.000000,10.000000,0.223032,1.462847,-0.331781,0.000000,1
439,439,1.500000,0.000000,10.000000,0.222735,1.462945,-0.331346,0.000000,1
440,440,1.500000,0.000000,10.000000,0.222464,1.463035,-0.330951,0.000000,1
441,441,1.500000,0.000000,10.000000,0.222219,1.463116,-0.330592,0.000000,1
442,442,1.500000,0.000000,10.000000,0.221998,1.463189,-0.330269,0.000000,1
443,443,1.500000,0.000000,10.000000,0.221800,1.463254,-0.329980,0.000000,1
444,444,1.500000,0.000000,10.000000,0.221624,1.463313,-0.329722,0.000000,1
445,445,1.500000,0.000000,10.000000,0.221469,1.463364,-0.329494,0.000000,1
446,446,1.500000,0.000000,10.000000,0.221332,1.463409,-0.329294,0.000000,1
447,447,1.500000,0.000000,10.000000,0.221213,1.463448,-0.329120,0.000000,1
448,448,1.500000,0.000000,10.000000,0.221110,1.463482,-0.328970,0.000000,1
449,449,1.500000,0.000000,10.000000,0.221023,1.463511,-0.328841,0.000000,1
450,450,1.500000,0.000000,10.000000,0.220949,1.463535,-0.328733,0.000000,1
451,451,1.500000,0.000000,10.000000,0.220887,1.463555,-0.328643,0.000000,1
452,452,1.500000,0.000000,10.000000,0.220836,1.463572,-0.328569,0.000000,1
453,453,1.500000,0.000000,10.000000,0.220796,1.463585,-0.328509,0.000000,1
454,454,1.500000,0.000000,10.000000,0.220763,1.463596,-0.328461,0.000000,1
455,455,1.500000,0.000000,10.000000,0.220738,1.463604,-0.328425,0.000000,1
456,456,1.500000,0.000000,10.000000,0.220719,1.463610,-0.328397,0.000000,1
457,457,1.500000,0.000000,10.000000,0.220705,1.463615,-0.328376,0.000000,1
458,458,1.500000,0.000000,10.000000,0.220695,1.463618,-0.328362,0.000000,1
459,459,1.500000,0.000000,10.000000,0.220688,1.463621,-0.328351,0.000000,1
460,460,1.500000,0.000000,10.000000,0.220683,1.463622,-0.328344,0.000000,1
461,461,1.500000,0.000000,10.000000,0.220679,1.463624,-0.328338,0.000000,1
462,462,1.500000,0.000000,10.000000,0.220675,1.463625,-0.328332,0.000000,1
463,463,1.500000,0.000000,10.000000,0.220670,1.463626,-0.328325,0.000000,1
464,464,1.500000,0.000000,10.000000,0.220664,1.463628,-0.328317,0.000000,1
465,465,1.500000,0.000000,10.000000,0.220656,1.463631,-0.328305,0.000000,1
466,466,1.500000,0.000000,10.000000,0.220646,1.463634,-0.328290,0.000000,1
467,467,1.500000,0.000000,10.000000,0.220632,1.463639,-0.328270,0.000000,1
468,468,1.500000,0.000000,10.000000,0.220615,1.463645,-0.328245,0.000000,1
469,469,1.500000,0.000000,10.000000,0.220593,1.463652,-0.328213,0.000000,1
470,470,1.500000,0.000000,10.000000,0.220567,1.463660,-0.328175,0.000000,1
471,471,1.500000,0.000000,10.000000,0.220536,1.463670,-0.328129,0.000000,1
472,472,1.500000,0.000000,10.000000,0.220500,1.463682,-0.328076,0.000000,1
473,473,1.500000,0.000000,10.000000,0.220458,1.463696,-0.328015,0.000000,1
474,474,1.500000,0.000000,10.000000,0.220411,1.463712,-0.327946,0.000000,1
475,475,1.500000,0.000000,10.000000,0.220358,1.463729,-0.327868,0.000000,1
476,476,1.500000,0.000000,10.000000,0.220299,1.463748,-0.327782,0.000000,1
477,477,1.500000,0.000000,10.000000,0.220234,1.463770,-0.327686,0.000000,1
478,478,1.500000,0.000000,10.000000,0.220162,1.463793,-0.327582,0.000000,1
479,479,1.500000,0.000000,10.000000,0.220085,1.463818,-0.327469,0.000000,1
480,480,1.500000,0.000000,10.000000,0.220002,1.463845,-0.327348,0.000000,1
481,481,1.500000,0.000000,10.000000,0.219913,1.463875,-0.327217,0.000000,1
482,482,1.500000,0.000000,10.000000,0.219818,1.463906,-0.327078,0.000000,1
483,483,1.500000,0.000000,10.000000,0.219717,1.463939,-0.326931,0.000000,1
484,484,1.500000,0.000000,10.000000,0.219611,1.463973,-0.326775,0.000000,1
485,485,1.500000,0.000000,10.000000,0.219500,1.464010,-0.326612,0.000000,1
486,486,1.500000,0.000000,10.000000,0.219383,1.464048,-0.326441,0.000000,1
487,487,1.500000,0.000000,10.000000,0.219261,1.464088,-0.326263,0.000000,1
488,488,1.500000,0.000000,10.000000,0.219135,1.464129,-0.326078,0.000000,1
489,489,1.500000,0.000000,10.000000,0.219004,1.464172,-0.325886,0.000000,1
490,490,1.500000,0.000000,10.000000,0.218868,1.464216,-0.325688,0.000000,1
491,491,1.500000,0.000000,10.000000,0.218729,1.464261,-0.325484,0.000000,1
492,492,1.500000,0.000000,10.000000,0.218586,1.464308,-0.325274,0.000000,1
493,493,1.500000,0.000000,10.000000,0.218439,1.464355,-0.325059,0.000000,1
494,494,1.500000,0.000000,10.000000,0.218290,1.464404,-0.324840,0.000000,1
495,495,1.500000,0.000000,10.000000,0.218137,1.464454,-0.324616,0.000000,1
496,496,1.500000,0.000000,10.000000,0.217981,1.464504,-0.324389,0.000000,1
497,497,1.500000,0.000000,10.000000,0.217824,1.464555,-0.324158,0.000000,1
498,498,1.500000,0.000000,10.000000,0.217664,1.464607,-0.323924,0.000000,1
499,499,1.500000,0.000000,10.000000,0.217502,1.464659,-0.323687,0.000000,1
500,500,1.500000,0.000000,10.000000,0.217339,1.464712,-0.323448,0.000000,1
501,501,1.500000,0.000000,10.000000,0.217175,1.464765,-0.323207,0.000000,1
502,502,1.500000,0.000000,10.000000,0.217009,1.464819,-0.322965,0.000000,1
503,503,1.500000,0.000000,10.000000,0.216843,1.464872,-0.322721,0.000000,1
504,504,1.500000,0.000000,10.000000,0.216676,1.464926,-0.322476,0.000000,1
505,505,1.500000,0.000000,10.000000,0.216508,1.464980,-0.322231,0.000000,1
506,506,1.500000,0.000000,10.000000,0.216341,1.465034,-0.321986,0.000000,1
507,507,1.500000,0.000000,10.000000,0.216174,1.465088,-0.321741,0.000000,1
508,508,1.500000,0.000000,10.000000,0.216007,1.465142,-0.321496,0.000000,1
509,509,1.500000,0.000000,10.000000,0.215840,1.465195,-0.321252,0.000000,1
510,510,1.500000,0.000000,10.000000,0.215675,1.465248,-0.321010,0.000000,1
511,511,1.500000,0.000000,10.000000,0.215510,1.465301,-0.320768,0.000000,1
512,512,1.500000,0.000000,10.000000,0.215346,1.465354,-0.320528,0.000000,1
513,513,1.500000,0.000000,10.000000,0.215183,1.465406,-0.320289,0.000000,1
514,514,1.500000,0.000000,10.000000,0.215021,1.465458,-0.320052,0.000000,1
515,515,1.500000,0.000000,10.000000,0.214861,1.465509,-0.319818,0.000000,1
516,516,1.500000,0.000000,10.000000,0.214703,1.465560,-0.319585,0.000000,1
517,517,1.500000,0.000000,10.000000,0.214546,1.465610,-0.319355,0.000000,1
518,518,1.500000,0.000000,10.000000,0.214390,1.465659,-0.319127,0.000000,1
519,519,1.500000,0.000000,10.000000,0.214237,1.465708,-0.318902,0.000000,1
520,520,1.500000,0.000000,10.000000,0.214085,1.465757,-0.318680,0.000000,1
521,521,1.500000,0.000000,10.000000,0.213935,1.465804,-0.318461,0.000000,1
522,522,1.500000,0.000000,10.000000,0.213788,1.465852,-0.318244,0.000000,1
523,523,1.500000,0.000000,10.000000,0.213642,1.465898,-0.318030,0.000000,1
524,524,1.500000,0.000000,10.000000,0.213498,1.465944,-0.317820,0.000000,1
525,525,1.500000,0.000000,10.000000,0.213356,1.465989,-0.317612,0.000000,1
526,526,1.500000,0.000000,10.000000,0.213217,1.466033,-0.317407,0.000000,1
527,527,1.500000,0.000000,10.000000,0.213079,1.466077,-0.317206,0.000000,1
528,528,1.500000,0.000000,10.000000,0.212944,1.466120,-0.317007,0.000000,1
529,529,1.500000,0.000000,10.000000,0.212811,1.466162,-0.316812,0.000000,1
530,530,1.500000,0.000000,10.000000,0.212679,1.466203,-0.316619,0.000000,1
531,531,1.500000,0.000000,10.000000,0.212550,1.466244,-0.316430,0.000000,1
532,532,1.500000,0.000000,10.000000,0.212423,1.466284,-0.316243,0.000000,1
533,533,1.500000,0.000000,10.000000,0.212298,1.466324,-0.316060,0.000000,1
534,534,1.500000,0.000000,10.000000,0.212174,1.466363,-0.315879,0.000000,1
535,535,1.500000,0.000000,10.000000,0.212053,1.466401,-0.315701,0.000000,1
536,536,1.500000,0.000000,10.000000,0.211934,1.466439,-0.315526,0.000000,1
537,537,1.500000,0.000000,10.000000,0.211816,1.466476,-0.315354,0.000000,1
538,538,1.500000,0.000000,10.000000,0.211700,1.466513,-0.315184,0.000000,1
539,539,1.500000,0.000000,10.000000,0.211586,1.466549,-0.315017,0.000000,1
540,540,1.500000,0.000000,10.000000,0.211474,1.466584,-0.314852,0.000000,1
541,541,1.500000,0.000000,10.000000,0.211363,1.466619,-0.314689,0.000000,1
542,542,1.500000,0.000000,10.000000,0.211254,1.466653,-0.314529,0.000000,1
543,543,1.500000,0.000000,10.000000,0.211147,1.466687,-0.314372,0.000000,1
544,544,1.500000,0.000000,10.000000,0.211041,1.466720,-0.314216,0.000000,1
545,545,1.500000,0.000000,10.000000,0.210936,1.466753,-0.314063,0.000000,1
546,546,1.500000,0.000000,10.000000,0.210833,1.466785,-0.313911,0.000000,1
547,547,1.500000,0.000000,10.000000,0.210731,1.466817,-0.313762,0.000000,1
548,548,1.500000,0.000000,10.000000,0.210630,1.466849,-0.313614,0.000000,1
549,549,1.500000,0.000000,10.000000,0.210531,1.466880,-0.313468,0.000000,1
550,550,1.500000,0.000000,10.000000,0.210432,1.466911,-0.313324,0.000000,1
551,551,1.500000,0.000000,10.000000,0.210335,1.466941,-0.313182,0.000000,1
552,552,1.500000,0.000000,10.000000,0.210239,1.466972,-0.313041,0.000000,1
553,553,1.500000,0.000000,10.000000,0.210144,1.467001,-0.312901,0.000000,1
554,554,1.500000,0.000000,10.000000,0.210050,1.467031,-0.312763,0.000000,1
555,555,1.500000,0.000000,10.000000,0.209957,1.467060,-0.312626,0.000000,1
556,556,1.500000,0.000000,10.000000,0.209864,1.467089,-0.312491,0.000000,1
557,557,1.500000,0.000000,10.000000,0.209773,1.467117,-0.312356,0.000000,1
558,558,1.500000,0.000000,10.000000,0.209682,1.467146,-0.312223,0.000000,1
559,559,1.500000,0.000000,10.000000,0.209592,1.467174,-0.312091,0.000000,1
560,560,1.500000,0.000000,10.000000,0.209503,1.467202,-0.311960,0.000000,1
561,561,1.500000,0.000000,10.000000,0.209414,1.467229,-0.311830,0.000000,1
562,562,1.500000,0.000000,10.000000,0.209326,1.467257,-0.311701,0.000000,1
563,563,1.500000,0.000000,10.000000,0.209239,1.467284,-0.311573,0.000000,1
564,564,1.500000,0.000000,10.000000,0.209152,1.467311,-0.311446,0.000000,1
565,565,1.500000,0.000000,10.000000,0.209066,1.467338,-0.311320,0.000000,1
566,566,1.500000,0.000000,10.000000,0.208980,1.467364,-0.311194,0.000000,1
567,567,1.500000,0.000000,10.000000,0.208895,1.467391,-0.311069,0.000000,1
568,568,1.500000,0.000000,10.000000,0.208811,1.467417,-0.310945,0.000000,1
569,569,1.500000,0.000000,10.000000,0.208727,1.467443,-0.310822,0.000000,1
570,570,1.500000,0.000000,10.000000,0.208643,1.467469,-0.310699,0.000000,1
571,571,1.500000,0.000000,10.000000,0.208560,1.467495,-0.310577,0.000000,1
572,572,1.500000,0.000000,10.000000,0.208477,1.467521,-0.310455,0.000000,1
573,573,1.500000,0.000000,10.000000,0.208395,1.467546,-0.310335,0.000000,1
574,574,1.500000,0.000000,10.000000,0.208313,1.467572,-0.310215,0.000000,1
575,575,1.500000,0.000000,10.000000,0.208232,1.467597,-0.310095,0.000000,1
576,576,1.500000,0.000000,10.000000,0.208151,1.467622,-0.309976,0.000000,1
577,577,1.500000,0.000000,10.000000,0.208070,1.467647,-0.309858,0.000000,1
578,578,1.500000,0.000000,10.000000,0.207990,1.467672,-0.309740,0.000000,1
579,579,1.500000,0.000000,10.000000,0.207910,1.467697,-0.309623,0.000000,1
580,580,1.500000,0.000000,10.000000,0.207830,1.467721,-0.309506,0.000000,1
581,581,1.500000,0.000000,10.000000,0.207751,1.467746,-0.309390,0.000000,1
582,582,1.500000,0.000000,10.000000,0.207673,1.467770,-0.309275,0.000000,1
583,583,1.500000,0.000000,10.000000,0.207595,1.467794,-0.309160,0.000000,1
584,584,1.500000,0.000000,10.000000,0.207517,1.467818,-0.309046,0.000000,1
585,585,1.500000,0.000000,10.000000,0.207439,1.467842,-0.308932,0.000000,1
586,586,1.500000,0.000000,10.000000,0.207362,1.467866,-0.308819,0.000000,1
587,587,1.500000,0.000000,10.000000,0.207286,1.467890,-0.308707,0.000000,1
588,588,1.500000,0.000000,10.000000,0.207209,1.467913,-0.308595,0.000000,1
589,589,1.500000,0.000000,10.000000,0.207134,1.467937,-0.308483,0.000000,1
590,590,1.500000,0.000000,10.000000,0.207058,1.467960,-0.308373,0.000000,1
591,591,1.500000,0.000000,10.000000,0.206983,1.467983,-0.308263,0.000000,1
592,592,1.500000,0.000000,10.000000,0.206909,1.468006,-0.308154,0.000000,1
593,593,1.500000,0.000000,10.000000,0.206835,1.468029,-0.308045,0.000000,1
594,594,1.500000,0.000000,10.000000,0.206761,1.468051,-0.307937,0.000000,1
595,595,1.500000,0.000000,10.000000,0.206688,1.468074,-0.307829,0.000000,1
596,596,1.500000,0.000000,10.000000,0.206615,1.468096,-0.307723,0.000000,1
597,597,1.500000,0.000000,10.000000,0.206543,1.468119,-0.307617,0.000000,1
598,598,1.500000,0.000000,10.000000,0.206471,1.468141,-0.307511,0.000000,1
599,599,1.500000,0.000000,10.000000,0.206400,1.468162,-0.307407,0.000000,1
600,600,1.500000,0.000000,10.000000,0.206329,1.468184,-0.307303,0.000000,1
