Time,StepCount,V_wind,psi_wind_deg,ramp_duration,psi,u,v,tau_wind_surge,tau_wind_sway,tau_wind_yaw,enable_ramp
3,3,5.500000,20.000000,10.000000,0.608774,0.190800,0.028229,36.264813,-959.686475,-111224.962894,1
4,4,5.500000,20.000000,10.000000,0.604657,0.284008,0.016791,81.735384,-2092.757649,-243382.650547,1
5,5,5.500000,20.000000,10.000000,0.601412,0.379419,-0.002092,144.944527,-3632.091751,-423368.374977,1
6,6,5.500000,20.000000,10.000000,0.598971,0.473333,-0.027571,226.364537,-5567.422774,-650254.520789,1
7,7,5.500000,20.000000,10.000000,0.597253,0.565915,-0.058946,325.896364,-7888.206689,-922904.735613,1
8,8,5.500000,20.000000,10.000000,0.596167,0.657276,-0.095618,443.354565,-10586.069600,-1240383.145778,1
9,9,5.500000,20.000000,10.000000,0.595616,0.747477,-0.137069,578.517066,-13654.314768,-1601918.859622,1
10,10,5.500000,20.000000,10.000000,0.595498,0.836544,-0.182794,731.180564,-17087.914368,-2006922.075409,1
11,11,5.500000,20.000000,10.000000,0.595711,0.924471,-0.228786,901.665405,-20911.208497,-2458032.460810,1
12,12,5.500000,20.000000,10.000000,0.596160,1.011235,-0.275058,848.210627,-20244.922133,-2372224.973019,1
13,13,5.500000,20.000000,10.000000,0.596750,1.096802,-0.321625,796.647478,-19593.384326,-2288436.725755,1
14,14,5.500000,20.000000,10.000000,0.597387,1.181003,-0.368318,747.227824,-18957.640805,-2206861.340812,1
15,15,5.500000,20.000000,10.000000,0.597991,1.263795,-0.415140,700.068382,-18337.075667,-2127480.760055,1
16,16,5.500000,20.000000,10.000000,0.598481,1.345150,-0.458958,655.592636,-17754.172306,-2052775.403826,1
17,17,5.500000,20.000000,10.000000,0.598804,1.425077,-0.498436,613.913462,-17217.098265,-1983635.520377,1
18,18,5.500000,20.000000,10.000000,0.598921,1.503600,-0.533998,574.900671,-16721.047731,-1919527.136699,1
19,19,5.500000,20.000000,10.000000,0.598805,1.577179,-0.566015,539.940557,-16272.323754,-1861569.984883,1
20,20,5.500000,20.000000,10.000000,0.598438,1.643387,-0.594819,509.779058,-15873.439979,-1810295.157395,1
21,21,5.500000,20.000000,10.000000,0.597811,1.702983,-0.620706,483.783273,-15517.840246,-1764838.975160,1
22,22,5.500000,20.000000,10.000000,0.596921,1.756648,-0.643937,461.409810,-15199.875130,-1724454.772495,1
23,23,5.500000,20.000000,10.000000,0.595773,1.804998,-0.664749,442.191140,-14914.691744,-1688498.400337,1
24,24,5.500000,20.000000,10.000000,0.594375,1.848587,-0.683353,425.723772,-14658.131187,-1656414.844103,1
25,25,5.500000,20.000000,10.000000,0.592740,1.887912,-0.699940,411.658247,-14426.636547,-1627726.304918,1
26,26,5.500000,20.000000,10.000000,0.590883,1.923421,-0.714681,399.690734,-14217.170714,-1602021.633335,1
27,27,5.500000,20.000000,10.000000,0.588825,1.955516,-0.727732,389.555998,-14027.143386,-1578947.018523,1
28,28,5.500000,20.000000,10.000000,0.586585,1.984556,-0.739237,381.021553,-13854.346696,-1558197.835666,1
29,29,5.500000,20.000000,10.000000,0.584188,2.010863,-0.749325,373.882801,-13696.898838,-1539511.551475,1
30,30,5.500000,20.000000,10.000000,0.581655,2.034725,-0.758115,367.959001,-13553.195029,-1522661.585799,1
31,31,5.500000,20.000000,10.000000,0.579013,2.056400,-0.765719,363.089925,-13421.865137,-1507452.027749,1
32,32,5.500000,20.000000,10.000000,0.576286,2.076115,-0.772238,359.133076,-13301.737264,-1493713.107690,1
33,33,5.500000,20.000000,10.000000,0.573499,2.094076,-0.777767,355.961375,-13191.806628,-1481297.331503,1
34,34,5.500000,20.000000,10.000000,0.570676,2.110464,-0.782395,353.461227,-13091.209067,-1470076.190117,1
35,35,5.500000,20.000000,10.000000,0.567843,2.125440,-0.786203,351.530905,-12999.198588,-1459937.364864,1
36,36,5.500000,20.000000,10.000000,0.565022,2.139148,-0.789270,350.079179,-12915.128376,-1450782.357244,1
37,37,5.500000,20.000000,10.000000,0.562237,2.151714,-0.791667,349.024172,-12838.434774,-1442524.479749,1
38,38,5.500000,20.000000,10.000000,0.559509,2.163250,-0.793463,348.292369,-12768.623790,-1435087.152317,1
39,39,5.500000,20.000000,10.000000,0.556859,2.173856,-0.794723,347.817786,-12705.259723,-1428402.456389,1
40,40,5.500000,20.000000,10.000000,0.554306,2.183619,-0.795506,347.541245,-12647.955593,-1422409.905501,1
41,41,5.500000,20.000000,10.000000,0.551869,2.192616,-0.795872,347.409752,-12596.365061,-1417055.397596,1
42,42,5.500000,20.000000,10.000000,0.549565,2.200915,-0.795872,347.375948,-12550.175617,-1412290.319845,1
43,43,5.500000,20.000000,10.000000,0.547407,2.208577,-0.795559,347.397637,-12509.102821,-1408070.781729,1
44,44,5.500000,20.000000,10.000000,0.545411,2.215653,-0.794980,347.437356,-12472.885424,-1404356.956361,1
45,45,5.500000,20.000000,10.000000,0.543589,2.222190,-0.794181,347.462005,-12441.281250,-1401112.513712,1
46,46,5.500000,20.000000,10.000000,0.541951,2.228229,-0.793204,347.442502,-12414.063704,-1398304.132389,1
47,47,5.500000,20.000000,10.000000,0.540506,2.233806,-0.792090,347.353485,-12391.018830,-1395901.079153,1
48,48,5.500000,20.000000,10.000000,0.539263,2.238952,-0.790875,347.173027,-12371.942838,-1393874.847352,1
49,49,5.500000,20.000000,10.000000,0.538228,2.243695,-0.789595,346.882384,-12356.640044,-1392198.847039,1
50,50,5.500000,20.000000,10.000000,0.537405,2.248060,-0.788282,346.465762,-12344.921163,-1390848.140776,1
51,51,5.500000,20.000000,10.000000,0.536799,2.252068,-0.786967,345.910095,-12336.601932,-1389799.220016,1
52,52,5.500000,20.000000,10.000000,0.536411,2.255738,-0.785676,345.204849,-12331.502003,-1389029.817683,1
53,53,5.500000,20.000000,10.000000,0.536242,2.259088,-0.784436,344.341826,-12329.444091,-1388518.753021,1
54,54,5.500000,20.000000,10.000000,0.536291,2.262132,-0.783269,343.314994,-12330.253346,-1388245.805147,1
55,55,5.500000,20.000000,10.000000,0.536558,2.264885,-0.782197,342.120312,-12333.756918,-1388191.611989,1
56,56,5.500000,20.000000,10.000000,0.537040,2.267359,-0.781239,340.755580,-12339.783686,-1388337.591505,1
57,57,5.500000,20.000000,10.000000,0.537732,2.269564,-0.780411,339.220285,-12348.164145,-1388665.882185,1
58,58,5.500000,20.000000,10.000000,0.538630,2.271513,-0.779729,337.515460,-12358.730410,-1389159.300034,1
59,59,5.500000,20.000000,10.000000,0.539728,2.273213,-0.779204,335.643549,-12371.316322,-1389801.309343,1
60,60,5.500000,20.000000,10.000000,0.541020,2.274674,-0.778847,333.608278,-12385.757644,-1390576.004725,1
61,61,5.500000,20.000000,10.000000,0.542499,2.275904,-0.778668,331.414531,-12401.892316,-1391468.102073,1
62,62,5.500000,20.000000,10.000000,0.544156,2.276912,-0.778674,329.068234,-12419.560761,-1392462.936296,1
63,63,5.500000,20.000000,10.000000,0.545984,2.277704,-0.778870,326.576238,-12438.606222,-1393546.463880,1
64,64,5.500000,20.000000,10.000000,0.547973,2.278288,-0.779261,323.946215,-12458.875116,-1394705.268576,1
65,65,5.500000,20.000000,10.000000,0.550113,2.278671,-0.779847,321.186548,-12480.217400,-1395926.568737,1
66,66,5.500000,20.000000,10.000000,0.552395,2.278861,-0.780630,318.306235,-12502.486928,-1397198.225052,1
67,67,5.500000,20.000000,10.000000,0.554809,2.278864,-0.781610,315.314792,-12525.541799,-1398508.747678,1
68,68,5.500000,20.000000,10.000000,0.557343,2.278688,-0.782785,312.222162,-12549.244682,-1399847.301975,1
69,69,5.500000,20.000000,10.000000,0.559988,2.278338,-0.784151,309.038622,-12573.463127,-1401203.712249,1
70,70,5.500000,20.000000,10.000000,0.562732,2.277823,-0.785704,305.774707,-12598.069834,-1402568.463126,1
71,71,5.500000,20.000000,10.000000,0.565564,2.277149,-0.787439,302.441124,-12622.942906,-1403932.698286,1
72,72,5.500000,20.000000,10.000000,0.568474,2.276322,-0.789351,299.048676,-12647.966059,-1405288.216490,1
73,73,5.500000,20.000000,10.000000,0.571451,2.275351,-0.791431,295.608197,-12673.028807,-1406627.464895,1
74,74,5.500000,20.000000,10.000000,0.574484,2.274243,-0.793673,292.130476,-12698.026612,-1407943.529765,1
75,75,5.500000,20.000000,10.000000,0.577562,2.273004,-0.796067,288.626199,-12722.861004,-1409230.124756,1
76,76,5.500000,20.000000,10.000000,0.580675,2.271642,-0.798606,285.105889,-12747.439669,-1410481.576982,1
77,77,5.500000,20.000000,10.000000,0.583814,2.270165,-0.801279,281.579850,-12771.676513,-1411692.811114,1
78,78,5.500000,20.000000,10.000000,0.586967,2.268580,-0.804076,278.058118,-12795.491691,-1412859.331763,1
79,79,5.500000,20.000000,10.000000,0.590126,2.266894,-0.806988,274.550414,-12818.811618,-1413977.204403,1
80,80,5.500000,20.000000,10.000000,0.593281,2.265115,-0.810004,271.066103,-12841.568952,-1415043.035085,1
81,81,5.500000,20.000000,10.000000,0.596423,2.263251,-0.813114,267.614153,-12863.702556,-1416053.949155,1
82,82,5.500000,20.000000,10.000000,0.599544,2.261309,-0.816306,264.203108,-12885.157435,-1417007.569195,1
83,83,5.500000,20.000000,10.000000,0.602637,2.259297,-0.819571,260.841050,-12905.884659,-1417901.992367,1
84,84,5.500000,20.000000,10.000000,0.605692,2.257222,-0.822897,257.535582,-12925.841265,-1418735.767302,1
85,85,5.500000,20.000000,10.000000,0.608704,2.255092,-0.826274,254.293801,-12944.990132,-1419507.870692,1
86,86,5.500000,20.000000,10.000000,0.611666,2.252915,-0.829691,251.122282,-12963.299858,-1420217.683673,1
87,87,5.500000,20.000000,10.000000,0.614571,2.250697,-0.833138,248.027066,-12980.744600,-1420864.968110,1
88,88,5.500000,20.000000,10.000000,0.617414,2.248446,-0.836606,245.013648,-12997.303912,-1421449.842853,1
89,89,5.500000,20.000000,10.000000,0.620190,2.246170,-0.840083,242.086972,-13012.962564,-1421972.760035,1
90,90,5.500000,20.000000,10.000000,0.622894,2.243875,-0.843562,239.251424,-13027.710348,-1422434.481470,1
91,91,5.500000,20.000000,10.000000,0.625522,2.241567,-0.847033,236.510839,-13041.541870,-1422836.055193,1
92,92,5.500000,20.000000,10.000000,0.628071,2.239254,-0.850487,233.868499,-13054.456331,-1423178.792206,1
93,93,5.500000,20.000000,10.000000,0.630536,2.236941,-0.853916,231.327142,-13066.457298,-1423464.243469,1
94,94,5.500000,20.000000,10.000000,0.632916,2.234636,-0.857312,228.888968,-13077.552460,-1423694.177180,1
95,95,5.500000,20.000000,10.000000,0.635208,2.232343,-0.860669,226.555654,-13087.753385,-1423870.556398,1
96,96,5.500000,20.000000,10.000000,0.637410,2.230068,-0.863978,224.328369,-13097.075260,-1423995.517063,1
97,97,5.500000,20.000000,10.000000,0.639522,2.227818,-0.867233,222.207784,-13105.536633,-1424071.346459,1
98,98,5.500000,20.000000,10.000000,0.641541,2.225595,-0.870429,220.194099,-13113.159142,-1424100.462178,1
99,99,5.500000,20.000000,10.000000,0.643469,2.223406,-0.873560,218.287056,-13119.967249,-1424085.391647,1
100,100,5.500000,20.000000,10.000000,0.645304,2.221255,-0.876622,216.485966,-13125.987966,-1424028.752263,1
101,101,5.500000,20.000000,10.000000,0.647047,2.219146,-0.879608,214.789729,-13131.250588,-1423933.232209,1
102,102,5.500000,20.000000,10.000000,0.648698,2.217082,-0.882517,213.196861,-13135.786419,-1423801.571992,1
103,103,5.500000,20.000000,10.000000,0.650259,2.215067,-0.885343,211.705515,-13139.628506,-1423636.546769,1
104,104,5.500000,20.000000,10.000000,0.651731,2.213104,-0.888085,210.313514,-13142.811379,-1423440.949495,1
105,105,5.500000,20.000000,10.000000,0.653115,2.211195,-0.890739,209.018373,-13145.370789,-1423217.574960,1
106,106,5.500000,20.000000,10.000000,0.654414,2.209344,-0.893303,207.817327,-13147.343461,-1422969.204737,1
107,107,5.500000,20.000000,10.000000,0.655629,2.207551,-0.895776,206.707358,-13148.766853,-1422698.593083,1
108,108,5.500000,20.000000,10.000000,0.656762,2.205819,-0.898156,205.685224,-13149.678917,-1422408.453822,1
109,109,5.500000,20.000000,10.000000,0.657817,2.204150,-0.900443,204.747487,-13150.117884,-1422101.448227,1
110,110,5.500000,20.000000,10.000000,0.658796,2.202543,-0.902636,203.890536,-13150.122044,-1421780.173920,1
111,111,5.500000,20.000000,10.000000,0.659702,2.201001,-0.904735,203.110617,-13149.729549,-1421447.154788,1
112,112,5.500000,20.000000,10.000000,0.660538,2.199522,-0.906740,202.403857,-13148.978228,-1421104.831926,1
113,113,5.500000,20.000000,10.000000,0.661307,2.198109,-0.908652,201.766291,-13147.905403,-1420755.555582,1
114,114,5.500000,20.000000,10.000000,0.662012,2.196759,-0.910472,201.193884,-13146.547733,-1420401.578111,1
115,115,5.500000,20.000000,10.000000,0.662657,2.195474,-0.912200,200.682557,-13144.941062,-1420045.047896,1
116,116,5.500000,20.000000,10.000000,0.663245,2.194252,-0.913839,200.228205,-13143.120282,-1419688.004223,1
117,117,5.500000,20.000000,10.000000,0.663779,2.193093,-0.915391,199.826723,-13141.119211,-1419332.373071,1
118,118,5.500000,20.000000,10.000000,0.664263,2.191996,-0.916857,199.474025,-13138.970482,-1418979.963786,1
119,119,5.500000,20.000000,10.000000,0.664701,2.190959,-0.918239,199.166060,-13136.705444,-1418632.466590,1
120,120,5.500000,20.000000,10.000000,0.665095,2.189981,-0.919540,198.898832,-13134.354083,-1418291.450896,1
121,121,5.500000,20.000000,10.000000,0.665450,2.189060,-0.920762,198.668417,-13131.944946,-1417958.364366,1
122,122,5.500000,20.000000,10.000000,0.665768,2.188195,-0.921909,198.470976,-13129.505078,-1417634.532676,1
123,123,5.500000,20.000000,10.000000,0.666053,2.187383,-0.922983,198.302771,-13127.059982,-1417321.159939,1
124,124,5.500000,20.000000,10.000000,0.666308,2.186623,-0.923986,198.160174,-13124.633570,-1417019.329729,1
125,125,5.500000,20.000000,10.000000,0.666536,2.185913,-0.924923,198.039685,-13122.248146,-1416730.006668,1
126,126,5.500000,20.000000,10.000000,0.666741,2.185250,-0.925796,197.937932,-13119.924381,-1416454.038513,1
127,127,5.500000,20.000000,10.000000,0.666925,2.184632,-0.926609,197.851690,-13117.681310,-1416192.158712,1
128,128,5.500000,20.000000,10.000000,0.667091,2.184057,-0.927364,197.777882,-13115.536328,-1415944.989367,1
129,129,5.500000,20.000000,10.000000,0.667242,2.183523,-0.928066,197.713586,-13113.505203,-1415713.044569,1
130,130,5.500000,20.000000,10.000000,0.667380,2.183026,-0.928716,197.656044,-13111.602088,-1415496.734062,1
131,131,5.500000,20.000000,10.000000,0.667509,2.182565,-0.929320,197.602661,-13109.839548,-1415296.367183,1
132,132,5.500000,20.000000,10.000000,0.667630,2.182138,-0.929879,197.551013,-13108.228588,-1415112.157057,1
133,133,5.500000,20.000000,10.000000,0.667746,2.181741,-0.930397,197.498843,-13106.778688,-1414944.224991,1
134,134,5.500000,20.000000,10.000000,0.667858,2.181372,-0.930878,197.444069,-13105.497844,-1414792.605052,1
135,135,5.500000,20.000000,10.000000,0.667969,2.181030,-0.931324,197.384779,-13104.392614,-1414657.248779,1
136,136,5.500000,20.000000,10.000000,0.668081,2.180711,-0.931739,197.319233,-13103.468169,-1414538.030005,1
137,137,5.500000,20.000000,10.000000,0.668194,2.180414,-0.932125,197.245860,-13102.728342,-1414434.749765,1
138,138,5.500000,20.000000,10.000000,0.668312,2.180137,-0.932486,197.163256,-13102.175691,-1414347.141256,1
139,139,5.500000,20.000000,10.000000,0.668434,2.179876,-0.932824,197.070182,-13101.811555,-1414274.874830,1
140,140,5.500000,20.000000,10.000000,0.668563,2.179631,-0.933142,196.965560,-13101.636117,-1414217.562992,1
141,141,5.500000,20.000000,10.000000,0.668699,2.179399,-0.933442,196.848469,-13101.648466,-1414174.765385,1
142,142,5.500000,20.000000,10.000000,0.668844,2.179178,-0.933728,196.718139,-13101.846669,-1414145.993742,1
143,143,5.500000,20.000000,10.000000,0.668998,2.178966,-0.934001,196.573948,-13102.227829,-1414130.716785,1
144,144,5.500000,20.000000,10.000000,0.669161,2.178762,-0.934264,196.415413,-13102.788161,-1414128.365052,1
145,145,5.500000,20.000000,10.000000,0.669335,2.112109,-0.934519,216.382850,-13207.654524,-1432346.740571,1
146,146,5.500000,20.000000,10.000000,0.669520,2.044412,-0.934767,237.099039,-13322.738212,-1451841.923280,1
147,147,5.500000,20.000000,10.000000,0.671421,1.982619,-0.935017,254.129050,-13453.270809,-1471508.463572,1
148,148,5.500000,20.000000,10.000000,0.674921,1.926990,-0.935271,267.339715,-13593.197890,-1490703.073791,1
149,149,5.500000,20.000000,10.000000,0.679903,1.876747,-0.935729,276.945188,-13738.201808,-1509081.520314,1
150,150,5.500000,20.000000,10.000000,0.686245,1.831202,-0.936559,283.176541,-13885.039876,-1526407.993618,1
151,151,5.500000,20.000000,10.000000,0.693828,1.789744,-0.937897,286.280519,-14031.255883,-1542526.393309,1
152,152,5.500000,20.000000,10.000000,0.702532,1.751831,-0.939845,286.515828,-14174.980416,-1557340.074113,1
153,153,5.500000,20.000000,10.000000,0.712237,1.716986,-0.942484,284.148429,-14314.793809,-1570797.668740,1
154,154,5.500000,20.000000,10.000000,0.722828,1.684786,-0.945865,279.446706,-14449.630840,-1582883.005977,1
155,155,5.500000,20.000000,10.000000,0.734191,1.654860,-0.950022,272.676989,-14578.711968,-1593607.641682,1
156,156,5.500000,20.000000,10.000000,0.746214,1.626881,-0.954967,264.099642,-14701.490821,-1603004.993111,1
157,157,5.500000,20.000000,10.000000,0.758792,1.600566,-0.960695,253.965828,-14817.611506,-1611125.452557,1
158,158,5.500000,20.000000,10.000000,0.771820,1.575665,-0.967187,242.514976,-14926.872098,-1618032.139455,1
159,159,5.500000,20.000000,10.000000,0.785202,1.551964,-0.974413,229.972930,-15029.192507,-1623797.137953,1
160,160,5.500000,20.000000,10.000000,0.798843,1.529279,-0.982330,216.550717,-15124.586050,-1628498.176535,1
161,161,5.500000,20.000000,10.000000,0.812656,1.507451,-0.990889,202.443883,-15213.134660,-1632215.757878,1
162,162,5.500000,20.000000,10.000000,0.826558,1.486350,-1.000034,187.832287,-15294.967842,-1635030.760015,1
163,163,5.500000,20.000000,10.000000,0.840470,1.465863,-1.009703,172.880271,-15370.245491,-1637022.520134,1
164,164,5.500000,20.000000,10.000000,0.854321,1.445900,-1.019832,157.737114,-15439.144555,-1638267.392383,1
165,165,5.500000,20.000000,10.000000,0.868044,1.426387,-1.030353,142.537669,-15501.849353,-1638837.749276,1
166,166,5.500000,20.000000,10.000000,0.881578,1.407268,-1.041201,127.403124,-15558.545192,-1638801.377849,1
167,167,5.500000,20.000000,10.000000,0.894867,1.388498,-1.052308,112.441812,-15609.414827,-1638221.209035,1
168,168,5.500000,20.000000,10.000000,0.907861,1.370046,-1.063607,97.750015,-15654.637203,-1637155.312497,1
169,169,5.500000,20.000000,10.000000,0.920515,1.351891,-1.075036,83.412752,-15694.387930,-1635657.088781,1
170,170,5.500000,20.000000,10.000000,0.932789,1.334023,-1.086533,69.504503,-15728.840930,-1633775.594918,1
171,171,5.500000,20.000000,10.000000,0.944648,1.316437,-1.098041,56.089871,-15758.170760,-1631555.947211,1
172,172,5.500000,20.000000,10.000000,0.956063,1.299137,-1.109504,43.224189,-15782.555186,-1629039.754423,1
173,173,5.500000,20.000000,10.000000,0.967007,1.282131,-1.120873,30.954058,-15802.177670,-1626265.544852,1
174,174,5.500000,20.000000,10.000000,0.977461,1.265432,-1.132101,19.317847,-15817.229498,-1623269.160835,1
175,175,5.500000,20.000000,10.000000,0.987407,1.249055,-1.143147,8.346149,-15827.911397,-1620084.103507,1
176,176,5.500000,20.000000,10.000000,0.996834,1.233020,-1.153971,-2.131560,-15834.434288,-1616741.794202,1
177,177,5.500000,20.000000,10.000000,1.005732,1.217347,-1.164541,-12.669363,-15837.012383,-1613271.060393,1
178,178,5.500000,20.000000,10.000000,1.014097,1.202057,-1.174828,-22.421801,-15835.876292,-1609699.670934,1
179,179,5.500000,20.000000,10.000000,1.021926,1.187171,-1.184805,-31.384709,-15831.270516,-1606054.275783,1
180,180,5.500000,20.000000,10.000000,1.029222,1.172711,-1.194451,-39.560157,-15823.447657,-1602360.006288,1
181,181,5.500000,20.000000,10.000000,1.035988,1.158696,-1.203749,-46.955940,-15812.666668,-1598640.510017,1
182,182,5.500000,20.000000,10.000000,1.042231,1.145147,-1.212684,-53.585084,-15799.190844,-1594917.953720,1
183,183,5.500000,20.000000,10.000000,1.047961,1.132081,-1.221245,-59.465329,-15783.285646,-1591213.009504,1
184,184,5.500000,20.000000,10.000000,1.053190,1.119514,-1.229424,-64.618618,-15765.216462,-1587544.832173,1
185,185,5.500000,20.000000,10.000000,1.057931,1.107460,-1.237215,-69.070574,-15745.246385,-1583931.034406,1
186,186,5.500000,20.000000,10.000000,1.062198,1.095930,-1.244616,-72.849994,-15723.634078,-1580387.665168,1
187,187,5.500000,20.000000,10.000000,1.066009,1.084934,-1.251626,-75.988337,-15700.631789,-1576929.195416,1
188,188,5.500000,20.000000,10.000000,1.069382,1.074479,-1.258246,-78.519241,-15676.483548,-1573568.513875,1
189,189,5.500000,20.000000,10.000000,1.072336,1.064570,-1.264481,-80.478048,-15651.423584,-1570316.934597,1
190,190,5.500000,20.000000,10.000000,1.074891,1.055208,-1.270335,-81.901366,-15625.674977,-1567184.217038,1
191,191,5.500000,20.000000,10.000000,1.077067,1.046393,-1.275815,-82.826646,-15599.448549,-1564178.598657,1
192,192,5.500000,20.000000,10.000000,1.078887,1.038123,-1.280928,-83.291802,-15572.941990,-1561306.839449,1
193,193,5.500000,20.000000,10.000000,1.080370,1.030393,-1.285683,-83.334856,-15546.339224,-1558574.277397,1
194,194,5.500000,20.000000,10.000000,1.081540,1.023195,-1.290091,-82.993620,-15519.809988,-1555984.893584,1
195,195,5.500000,20.000000,10.000000,1.082419,1.016521,-1.294162,-82.305413,-15493.509607,-1553541.385509,1
196,196,5.500000,20.000000,10.000000,1.083028,1.010359,-1.297907,-81.306815,-15467.578968,-1551245.247099,1
197,197,5.500000,20.000000,10.000000,1.083388,1.004697,-1.301338,-80.033444,-15442.144638,-1549096.853913,1
198,198,5.500000,20.000000,10.000000,1.083523,0.999521,-1.304467,-78.519781,-15417.319139,-1547095.552079,1
199,199,5.500000,20.000000,10.000000,1.083451,0.994815,-1.307308,-76.799011,-15393.201339,-1545239.749572,1
200,200,5.500000,20.000000,10.000000,1.083195,0.990561,-1.309873,-74.902901,-15369.876949,-1543527.008579,1
201,201,5.500000,20.000000,10.000000,1.082775,0.986743,-1.312175,-72.861702,-15347.419097,-1541954.137769,1
202,202,5.500000,20.000000,10.000000,1.082209,0.983340,-1.314228,-70.704072,-15325.888977,-1540517.283449,1
203,203,5.500000,20.000000,10.000000,1.081516,0.980333,-1.316045,-68.457023,-15305.336540,-1539212.018660,1
204,204,5.500000,20.000000,10.000000,1.080715,0.977703,-1.317640,-66.145891,-15285.801222,-1538033.429434,1
205,205,5.500000,20.000000,10.000000,1.079822,0.975427,-1.319025,-63.794315,-15267.312697,-1536976.197506,1
206,206,5.500000,20.000000,10.000000,1.078854,0.973485,-1.320214,-61.424234,-15249.891627,-1536034.678911,1
207,207,5.500000,20.000000,10.000000,1.077826,0.971855,-1.321221,-59.055904,-15233.550424,-1535202.978007,1
208,208,5.500000,20.000000,10.000000,1.076754,0.970517,-1.322058,-56.707912,-15218.293991,-1534475.016541,1
209,209,5.500000,20.000000,10.000000,1.075650,0.969448,-1.322737,-54.397213,-15204.120447,-1533844.597502,1
210,210,5.500000,20.000000,10.000000,1.074528,0.968628,-1.323272,-52.139166,-15191.021827,-1533305.463584,1
211,211,5.500000,20.000000,10.000000,1.073399,0.968036,-1.323674,-49.947581,-15178.984751,-1532851.350172,1
212,212,5.500000,20.000000,10.000000,1.072274,0.967652,-1.323955,-47.834770,-15167.991057,-1532476.032845,1
213,213,5.500000,20.000000,10.000000,1.071164,0.967454,-1.324126,-45.811602,-15158.018404,-1532173.369460,1
214,214,5.500000,20.000000,10.000000,1.070078,0.967425,-1.324200,-43.887564,-15149.040824,-1531937.336951,1
215,215,5.500000,20.000000,10.000000,1.069024,0.967545,-1.324186,-42.070819,-15141.029247,-1531762.063046,1
216,216,5.500000,20.000000,10.000000,1.068010,0.967797,-1.324095,-40.368273,-15133.951978,-1531641.853112,1
217,217,5.500000,20.000000,10.000000,1.067042,0.968161,-1.323937,-38.785640,-15127.775136,-1531571.212441,1
218,218,5.500000,20.000000,10.000000,1.066126,0.968623,-1.323721,-37.327505,-15122.463062,-1531544.864255,1
219,219,5.500000,20.000000,10.000000,1.065267,0.969166,-1.323456,-35.997392,-15117.978681,-1531557.763786,1
220,220,5.500000,20.000000,10.000000,1.064470,0.969775,-1.323152,-34.797832,-15114.283835,-1531605.108756,1
221,221,5.500000,20.000000,10.000000,1.063739,0.970436,-1.322815,-33.730428,-15111.339583,-1531682.346616,1
222,222,5.500000,20.000000,10.000000,1.063076,0.971135,-1.322454,-32.795919,-15109.106470,-1531785.178896,1
223,223,5.500000,20.000000,10.000000,1.062484,0.971861,-1.322075,-31.994246,-15107.544770,-1531909.562997,1
224,224,5.500000,20.000000,10.000000,1.061964,0.972601,-1.321687,-31.324616,-15106.614700,-1532051.711764,1
225,225,5.500000,20.000000,10.000000,1.061518,0.973344,-1.321293,-30.785563,-15106.276618,-1532208.091147,1
226,226,5.500000,20.000000,10.000000,1.061147,0.974082,-1.320901,-30.375010,-15106.491187,-1532375.416245,1
227,227,5.500000,20.000000,10.000000,1.060850,0.974804,-1.320516,-30.090326,-15107.219536,-1532550.646002,1
228,228,5.500000,20.000000,10.000000,1.060628,0.975502,-1.320142,-29.928385,-15108.423392,-1532730.976801,1
229,229,5.500000,20.000000,10.000000,1.060479,0.976170,-1.319784,-29.885619,-15110.065203,-1532913.835183,1
230,230,5.500000,20.000000,10.000000,1.060404,0.976800,-1.319445,-29.958074,-15112.108240,-1533096.869882,1
231,231,5.500000,20.000000,10.000000,1.060399,0.977386,-1.319130,-30.141460,-15114.516697,-1533277.943354,1
232,232,5.500000,20.000000,10.000000,1.060465,0.977924,-1.318840,-30.431196,-15117.255773,-1533455.122948,1
233,233,5.500000,20.000000,10.000000,1.060598,0.978408,-1.318579,-30.822464,-15120.291742,-1533626.671844,1
234,234,5.500000,20.000000,10.000000,1.060797,0.978835,-1.318350,-31.310246,-15123.592017,-1533791.039879,1
235,235,5.500000,20.000000,10.000000,1.061060,0.979202,-1.318153,-31.889368,-15127.125211,-1533946.854334,1
236,236,5.500000,20.000000,10.000000,1.061382,0.979507,-1.317990,-32.554543,-15130.861174,-1534092.910762,1
237,237,5.500000,20.000000,10.000000,1.061763,0.979746,-1.317864,-33.300403,-15134.771044,-1534228.163920,1
238,238,5.500000,20.000000,10.000000,1.062199,0.979919,-1.317773,-34.121534,-15138.827270,-1534351.718840,1
239,239,5.500000,20.000000,10.000000,1.062687,0.980025,-1.317720,-35.012513,-15143.003646,-1534462.822081,1
240,240,5.500000,20.000000,10.000000,1.063224,0.980064,-1.317704,-35.967933,-15147.275325,-1534560.853183,1
241,241,5.500000,20.000000,10.000000,1.063807,0.980034,-1.317725,-36.982431,-15151.618840,-1534645.316338,1
242,242,5.500000,20.000000,10.000000,1.064433,0.979937,-1.317784,-38.050716,-15156.012106,-1534715.832295,1
243,243,5.500000,20.000000,10.000000,1.065099,0.979773,-1.317880,-39.167589,-15160.434426,-1534772.130503,1
244,244,5.500000,20.000000,10.000000,1.065802,0.979544,-1.318011,-40.327966,-15164.866490,-1534814.041486,1
245,245,5.500000,20.000000,10.000000,1.066538,0.979249,-1.318178,-41.526895,-15169.290364,-1534841.489459,1
246,246,5.500000,20.000000,10.000000,1.067304,0.978892,-1.318380,-42.759573,-15173.689482,-1534854.485188,1
247,247,5.500000,20.000000,10.000000,1.068098,0.978474,-1.318615,-44.021361,-15178.048625,-1534853.119071,1
248,248,5.500000,20.000000,10.000000,1.068917,0.977997,-1.318882,-45.307796,-15182.353903,-1534837.554455,1
249,249,5.500000,20.000000,10.000000,1.069757,0.977464,-1.319180,-46.614602,-15186.592727,-1534808.021181,1
250,250,5.500000,20.000000,10.000000,1.070616,0.976876,-1.319507,-47.937700,-15190.753779,-1534764.809346,1
251,251,5.500000,20.000000,10.000000,1.071492,0.976236,-1.319863,-49.273213,-15194.826980,-1534708.263289,1
252,252,5.500000,20.000000,10.000000,1.072381,0.975547,-1.320245,-50.617474,-15198.803452,-1534638.775795,1
253,253,5.500000,20.000000,10.000000,1.073282,0.974812,-1.320652,-51.967027,-15202.675478,-1534556.782511,1
254,254,5.500000,20.000000,10.000000,1.074191,0.974032,-1.321082,-53.318634,-15206.436459,-1534462.756587,1
255,255,5.500000,20.000000,10.000000,1.075107,0.973213,-1.321533,-54.669274,-15210.080866,-1534357.203527,1
256,256,5.500000,20.000000,10.000000,1.076028,0.972355,-1.322005,-56.016140,-15213.604195,-1534240.656258,1
257,257,5.500000,20.000000,10.000000,1.076951,0.971462,-1.322495,-57.356646,-15217.002917,-1534113.670423,1
258,258,5.500000,20.000000,10.000000,1.077874,0.970536,-1.323002,-58.688415,-15220.274424,-1533976.819891,1
259,259,5.500000,20.000000,10.000000,1.078797,0.969581,-1.323524,-60.009284,-15223.416976,-1533830.692491,1
260,260,5.500000,20.000000,10.000000,1.079717,0.968600,-1.324060,-61.317295,-15226.429651,-1533675.885976,1
261,261,5.500000,20.000000,10.000000,1.080633,0.967595,-1.324607,-62.610693,-15229.312285,-1533513.004203,1
262,262,5.500000,20.000000,10.000000,1.081544,0.966568,-1.325165,-63.887918,-15232.065422,-1533342.653560,1
263,263,5.500000,20.000000,10.000000,1.082447,0.965523,-1.325732,-65.147599,-15234.690257,-1533165.439607,1
264,264,5.500000,20.000000,10.000000,1.083343,0.964462,-1.326307,-66.388551,-15237.188581,-1532981.963959,1
265,265,5.500000,20.000000,10.000000,1.084230,0.963387,-1.326888,-67.609762,-15239.562727,-1532792.821396,1
266,266,5.500000,20.000000,10.000000,1.085107,0.962301,-1.327474,-68.810388,-15241.815520,-1532598.597208,1
267,267,5.500000,20.000000,10.000000,1.085974,0.961206,-1.328063,-69.989747,-15243.950220,-1532399.864769,1
268,268,5.500000,20.000000,10.000000,1.086829,0.960104,-1.328655,-71.147306,-15245.970476,-1532197.183340,1
269,269,5.500000,20.000000,10.000000,1.087672,0.958997,-1.329249,-72.282675,-15247.880273,-1531991.096092,1
270,270,5.500000,20.000000,10.000000,1.088504,0.957887,-1.329843,-73.395600,-15249.683887,-1531782.128360,1
271,271,5.500000,20.000000,10.000000,1.089322,0.956776,-1.330437,-74.485951,-15251.385838,-1531570.786107,1
272,272,5.500000,20.000000,10.000000,1.090128,0.955666,-1.331029,-75.553714,-15252.990845,-1531357.554600,1
273,273,5.500000,20.000000,10.000000,1.090920,0.954558,-1.331619,-76.598984,-15254.503789,-1531142.897289,1
274,274,5.500000,20.000000,10.000000,1.091699,0.953453,-1.332206,-77.621954,-15255.929668,-1530927.254892,1
275,275,5.500000,20.000000,10.000000,1.092464,0.952354,-1.332789,-78.622908,-15257.273563,-1530711.044658,1
276,276,5.500000,20.000000,10.000000,1.093216,0.951260,-1.333367,-79.602210,-15258.540603,-1530494.659820,1
277,277,5.500000,20.000000,10.000000,1.093955,0.950174,-1.333941,-80.560301,-15259.735931,-1530278.469214,1
278,278,5.500000,20.000000,10.000000,1.094680,0.949097,-1.334509,-81.497683,-15260.864676,-1530062.817065,1
279,279,5.500000,20.000000,10.000000,1.095392,0.948029,-1.335072,-82.414920,-15261.931924,-1529848.022925,1
280,280,5.500000,20.000000,10.000000,1.096091,0.946970,-1.335628,-83.312623,-15262.942691,-1529634.381746,1
281,281,5.500000,20.000000,10.000000,1.096777,0.945923,-1.336177,-84.191448,-15263.901905,-1529422.164100,1
282,282,5.500000,20.000000,10.000000,1.097451,0.944887,-1.336720,-85.052085,-15264.814380,-1529211.616502,1
283,283,5.500000,20.000000,10.000000,1.098113,0.943863,-1.337255,-85.895256,-15265.684800,-1529002.961858,1
284,284,5.500000,20.000000,10.000000,1.098763,0.942852,-1.337783,-86.721703,-15266.517702,-1528796.400007,1
285,285,5.500000,20.000000,10.000000,1.099401,0.941853,-1.338303,-87.532188,-15267.317464,-1528592.108350,1
286,286,5.500000,20.000000,10.000000,1.100029,0.940867,-1.338815,-88.327483,-15268.088289,-1528390.242565,1
287,287,5.500000,20.000000,10.000000,1.100646,0.939895,-1.339320,-89.108368,-15268.834198,-1528190.937387,1
288,288,5.500000,20.000000,10.000000,1.101252,0.938935,-1.339817,-89.875624,-15269.559021,-1527994.307444,1
289,289,5.500000,20.000000,10.000000,1.101849,0.937990,-1.340307,-90.630028,-15270.266388,-1527800.448152,1
290,290,5.500000,20.000000,10.000000,1.102437,0.937057,-1.340788,-91.372354,-15270.959727,-1527609.436638,1
291,291,5.500000,20.000000,10.000000,1.103015,0.936138,-1.341262,-92.103361,-15271.642261,-1527421.332712,1
292,292,5.500000,20.000000,10.000000,1.103585,0.935232,-1.341729,-92.823798,-15272.317003,-1527236.179846,1
293,293,5.500000,20.000000,10.000000,1.104147,0.934339,-1.342188,-93.534394,-15272.986756,-1527054.006179,1
294,294,5.500000,20.000000,10.000000,1.104702,0.933460,-1.342639,-94.235861,-15273.654116,-1526874.825532,1
295,295,5.500000,20.000000,10.000000,1.105249,0.932592,-1.343083,-94.928888,-15274.321473,-1526698.638416,1
296,296,5.500000,20.000000,10.000000,1.105790,0.931738,-1.343521,-95.614140,-15274.991012,-1526525.433049,1
297,297,5.500000,20.000000,10.000000,1.106324,0.930895,-1.343951,-96.292257,-15275.664717,-1526355.186356,1
298,298,5.500000,20.000000,10.000000,1.106852,0.917181,-1.342219,-92.792491,-15283.970534,-1528437.555129,1
299,299,5.500000,20.000000,10.000000,1.107348,0.903615,-1.353727,-88.999416,-15194.846873,-1520671.979286,1
300,300,5.500000,20.000000,10.000000,1.105621,0.893431,-1.363225,-82.398280,-15105.650105,-1513890.385081,1
301,301,5.500000,20.000000,10.000000,1.101681,0.886350,-1.370989,-72.945678,-15014.906262,-1507959.219039,1
302,302,5.500000,20.000000,10.000000,1.095535,0.882421,-1.377020,-60.717310,-14923.329115,-1502926.759348,1
303,303,5.500000,20.000000,10.000000,1.087190,0.881682,-1.381307,-45.786160,-14831.637765,-1498842.680333,1
304,304,5.500000,20.000000,10.000000,1.076655,0.884152,-1.383825,-28.219589,-14740.573601,-1495760.213270,1
305,305,5.500000,20.000000,10.000000,1.063936,0.889837,-1.384536,-8.075838,-14650.905351,-1493737.192188,1
306,306,5.500000,20.000000,10.000000,1.049041,0.898726,-1.383390,13.272638,-14563.439256,-1492837.666563,1
307,307,5.500000,20.000000,10.000000,1.031979,0.910792,-1.380319,36.163575,-14479.036367,-1493134.317669,1
308,308,5.500000,20.000000,10.000000,1.012756,0.925991,-1.374917,61.331003,-14400.840315,-1494938.532386,1
309,309,5.500000,20.000000,10.000000,0.991565,0.944247,-1.367115,88.522828,-14330.362573,-1498291.999777,1
310,310,5.500000,20.000000,10.000000,0.968613,0.965466,-1.356859,117.496988,-14268.599963,-1503183.089354,1
311,311,5.500000,20.000000,10.000000,0.944102,0.989506,-1.344092,148.049406,-14216.047492,-1509559.474988,1
312,312,5.500000,20.000000,10.000000,0.918230,1.016182,-1.328760,180.007424,-14172.672556,-1517323.604304,1
313,313,5.500000,20.000000,10.000000,0.891190,1.045266,-1.310811,213.221013,-14137.918408,-1526330.474507,1
314,314,5.500000,20.000000,10.000000,0.863171,1.076492,-1.290203,247.553320,-14110.732832,-1536387.872941,1
315,315,5.500000,20.000000,10.000000,0.834353,1.109565,-1.266906,282.871391,-14089.622573,-1547259.440340,1
316,316,5.500000,20.000000,10.000000,0.804912,1.144159,-1.240907,319.037868,-14072.732531,-1558670.736090,1
317,317,5.500000,20.000000,10.000000,0.775016,1.179930,-1.212212,355.904312,-14057.947085,-1570318.278161,1
318,318,5.500000,20.000000,10.000000,0.744825,1.216521,-1.180850,393.306717,-14043.009262,-1581881.294283,1
319,319,5.500000,20.000000,10.000000,0.714493,1.253566,-1.146877,431.063568,-14025.651767,-1593035.660917,1
320,320,5.500000,20.000000,10.000000,0.684164,1.290703,-1.110371,468.976596,-14003.732301,-1603469.241458,1
321,321,5.500000,20.000000,10.000000,0.653974,1.327577,-1.071439,506.834132,-13975.364318,-1612897.598895,1
322,322,5.500000,20.000000,10.000000,0.624051,1.363846,-1.030213,544.416708,-13939.033831,-1621078.895408,1
323,323,5.500000,20.000000,10.000000,0.594514,1.399193,-0.986851,581.504320,-13893.693180,-1627826.747598,1
324,324,5.500000,20.000000,10.000000,0.565473,1.433324,-0.941530,617.884575,-13838.824255,-1633019.913232,1
325,325,5.500000,20.000000,10.000000,0.537029,1.465979,-0.894450,653.360864,-13774.466217,-1636607.949868,1
326,326,5.500000,20.000000,10.000000,0.509275,1.496934,-0.845826,687.759695,-13701.206183,-1638612.380474,1
327,327,5.500000,20.000000,10.000000,0.482294,1.526003,-0.795888,720.936487,-13620.135055,-1639123.368340,1
328,328,5.500000,20.000000,10.000000,0.456160,1.553038,-0.745518,752.698250,-13528.608725,-1637827.474974,1
329,329,5.500000,20.000000,10.000000,0.430938,1.577961,-0.695054,782.935510,-13427.767011,-1634838.374838,1
330,330,5.500000,20.000000,10.000000,0.406682,1.600729,-0.644536,811.610541,-13320.915227,-1630524.827723,1
331,331,5.500000,20.000000,10.000000,0.383440,1.621325,-0.594001,838.724944,-13211.527793,-1625289.519188,1
332,332,5.500000,20.000000,10.000000,0.361254,1.639760,-0.543488,864.315061,-13103.130185,-1619553.930973,1
333,333,5.500000,20.000000,10.000000,0.340156,1.656065,-0.493031,888.446019,-12999.190648,-1613743.840883,1
334,334,5.500000,20.000000,10.000000,0.320172,1.670299,-0.442664,911.204899,-12903.026857,-1608276.218253,1
335,335,5.500000,20.000000,10.000000,0.301324,1.682541,-0.392419,932.693602,-12817.731276,-1603548.135571,1
336,336,5.500000,20.000000,10.000000,0.283624,1.692890,-0.342323,953.021935,-12746.116638,-1599928.030438,1
337,337,5.500000,20.000000,10.000000,0.267079,1.701466,-0.292400,972.301320,-12690.680941,-1597749.386276,1
338,338,5.500000,20.000000,10.000000,0.251692,1.708401,-0.242672,990.639405,-12653.589871,-1597306.686276,1
339,339,5.500000,20.000000,10.000000,0.237458,1.713843,-0.193291,1008.111805,-12635.773205,-1598748.710387,1
340,340,5.500000,20.000000,10.000000,0.224369,1.717950,-0.145476,1024.587257,-12630.670800,-1601347.540016,1
341,341,5.500000,20.000000,10.000000,0.212405,1.720909,-0.099343,1040.099429,-12638.530436,-1605157.619367,1
342,342,5.500000,20.000000,10.000000,0.201546,1.722904,-0.054991,1054.674516,-12659.382014,-1610204.877606,1
343,343,5.500000,20.000000,10.000000,0.191766,1.724110,-0.012505,1068.331384,-12693.059154,-1616489.126875,1
344,344,5.500000,20.000000,10.000000,0.183036,1.724696,0.028043,1081.082282,-12739.219985,-1623986.561298,1
345,345,5.500000,20.000000,10.000000,0.175322,1.724818,0.066597,1092.933827,-12797.367591,-1632652.337488,1
346,346,5.500000,20.000000,10.000000,0.168590,1.724619,0.103112,1103.888187,-12866.869749,-1642423.163449,1
347,347,5.500000,20.000000,10.000000,0.162803,1.724230,0.137556,1113.944360,-12946.977758,-1653219.847875,1
348,348,5.500000,20.000000,10.000000,0.157919,1.723766,0.169906,1123.099498,-13036.844331,-1664949.783390,1
349,349,5.500000,20.000000,10.000000,0.153899,1.723326,0.200151,1131.350213,-13135.540612,-1677509.351419,1
350,350,5.500000,20.000000,10.000000,0.150697,1.722995,0.228290,1138.693823,-13242.072414,-1690786.244417,1
351,351,5.500000,20.000000,10.000000,0.148272,1.722841,0.254330,1145.129511,-13355.395814,-1704661.704385,1
352,352,5.500000,20.000000,10.000000,0.146576,1.722918,0.278286,1150.659356,-13474.432167,-1719012.676310,1
353,353,5.500000,20.000000,10.000000,0.145564,1.723265,0.300182,1155.289228,-13598.082627,-1733713.872586,1
354,354,5.500000,20.000000,10.000000,0.145190,1.723906,0.320048,1159.029526,-13725.242162,-1748639.740665,1
355,355,5.500000,20.000000,10.000000,0.145407,1.724855,0.337920,1161.895747,-13854.813039,-1763666.322106,1
356,356,5.500000,20.000000,10.000000,0.146169,1.726113,0.353843,1163.908882,-13985.717678,-1778672.987435,1
357,357,5.500000,20.000000,10.000000,0.147429,1.727669,0.367865,1165.095632,-14116.910773,-1793544.028544,1
358,358,5.500000,20.000000,10.000000,0.149143,1.729506,0.380038,1165.488456,-14247.390512,-1808170.088986,1
359,359,5.500000,20.000000,10.000000,0.151265,1.731595,0.390424,1165.125442,-14376.208741,-1822449.412770,1
360,360,5.500000,20.000000,10.000000,0.153750,1.733905,0.399083,1164.050027,-14502.479918,-1836288.894184,1
361,361,5.500000,20.000000,10.000000,0.156557,1.736396,0.406083,1162.310565,-14625.388694,-1849604.914600,1
362,362,5.500000,20.000000,10.000000,0.159643,1.739026,0.411494,1159.959775,-14744.196011,-1862323.957066,1
363,363,5.500000,20.000000,10.000000,0.162967,1.741751,0.415389,1157.054083,-14858.243641,-1874382.995194,1
364,364,5.500000,20.000000,10.000000,0.166491,1.744522,0.417844,1153.652881,-14966.957109,-1885729.659219,1
365,365,5.500000,20.000000,10.000000,0.170178,1.747293,0.418936,1149.817727,-15069.847029,-1896322.188495,1
366,366,5.500000,20.000000,10.000000,0.173991,1.750017,0.418744,1145.611522,-15166.508905,-1906129.185764,1
367,367,5.500000,20.000000,10.000000,0.177898,1.752650,0.417349,1141.097670,-15256.621495,-1915129.193862,1
368,368,5.500000,20.000000,10.000000,0.181865,1.755147,0.414832,1136.339262,-15339.943886,-1923310.119751,1
369,369,5.500000,20.000000,10.000000,0.185864,1.757469,0.411273,1131.398298,-15416.311464,-1930668.533778,1
370,370,5.500000,20.000000,10.000000,0.189866,1.759579,0.406753,1126.334960,-15485.630947,-1937208.873636,1
371,371,5.500000,20.000000,10.000000,0.193845,1.761444,0.401352,1121.206959,-15547.874718,-1942942.582776,1
372,372,5.500000,20.000000,10.000000,0.197778,1.763035,0.395150,1116.068966,-15603.074645,-1947887.212001,1
373,373,5.500000,20.000000,10.000000,0.201642,1.764328,0.388223,1110.972129,-15651.315600,-1952065.510906,1
374,374,5.500000,20.000000,10.000000,0.205419,1.765302,0.380648,1105.963681,-15692.728851,-1955504.532943,1
375,375,5.500000,20.000000,10.000000,0.209090,1.765943,0.372497,1101.086644,-15727.485514,-1958234.774403,1
376,376,5.500000,20.000000,10.000000,0.212639,1.766238,0.363842,1096.379628,-15755.790182,-1960289.363818,1
377,377,5.500000,20.000000,10.000000,0.216053,1.766182,0.354751,1091.876706,-15777.874872,-1961703.314429,1
378,378,5.500000,20.000000,10.000000,0.219320,1.765772,0.345290,1087.607381,-15793.993357,-1962512.848556,1
379,379,5.500000,20.000000,10.000000,0.222430,1.765008,0.335521,1083.596614,-15804.415973,-1962754.799277,1
380,380,5.500000,20.000000,10.000000,0.225374,1.763896,0.325502,1079.864923,-15809.424918,-1962466.091655,1
381,381,5.500000,20.000000,10.000000,0.228146,1.762443,0.315290,1076.428534,-15809.310085,-1961683.303127,1
382,382,5.500000,20.000000,10.000000,0.230741,1.760660,0.304937,1073.299576,-15804.365411,-1960442.300467,1
383,383,5.500000,20.000000,10.000000,0.233155,1.758562,0.294491,1070.486314,-15794.885755,-1958777.949038,1
384,384,5.500000,20.000000,10.000000,0.235385,1.756162,0.283999,1067.993412,-15781.164253,-1956723.888767,1
385,385,5.500000,20.000000,10.000000,0.237432,1.753480,0.273501,1065.822210,-15763.490140,-1954312.370455,1
386,386,5.500000,20.000000,10.000000,0.239295,1.750533,0.263036,1063.971019,-15742.146992,-1951574.145501,1
387,387,5.500000,20.000000,10.000000,0.240976,1.747342,0.252639,1062.435425,-15717.411342,-1948538.401954,1
388,388,5.500000,20.000000,10.000000,0.242478,1.743928,0.242343,1061.208589,-15689.551632,-1945232.739818,1
389,389,5.500000,20.000000,10.000000,0.243803,1.740312,0.232174,1060.281544,-15658.827454,-1941683.178796,1
390,390,5.500000,20.000000,10.000000,0.244956,1.736515,0.222159,1059.643496,-15625.489035,-1937914.192038,1
391,391,5.500000,20.000000,10.000000,0.245941,1.732560,0.212320,1059.282096,-15589.776927,-1933948.759937,1
392,392,5.500000,20.000000,10.000000,0.246766,1.728467,0.202676,1059.183715,-15551.921869,-1929808.438586,1
393,393,5.500000,20.000000,10.000000,0.247435,1.724258,0.193244,1059.333701,-15512.144764,-1925513.438096,1
394,394,5.500000,20.000000,10.000000,0.247955,1.719953,0.184039,1059.716611,-15470.656778,-1921082.706610,1
395,395,5.500000,20.000000,10.000000,0.248333,1.715571,0.175072,1060.316435,-15427.659488,-1916534.016450,1
396,396,5.500000,20.000000,10.000000,0.248577,1.711131,0.166353,1061.116800,-15383.345098,-1911884.049446,1
397,397,5.500000,20.000000,10.000000,0.248694,1.706652,0.157888,1062.101155,-15337.896667,-1907148.479067,1
398,398,5.500000,20.000000,10.000000,0.248693,1.702149,0.149683,1063.252932,-15291.488365,-1902342.047504,1
399,399,5.500000,20.000000,10.000000,0.248580,1.697638,0.141742,1064.555700,-15244.285713,-1897478.636380,1
400,400,5.500000,20.000000,10.000000,0.248364,1.693134,0.134066,1065.993294,-15196.445827,-1892571.330166,1
401,401,5.500000,20.000000,10.000000,0.248052,1.688650,0.126656,1067.549925,-15148.117637,-1887632.471823,1
402,402,5.500000,20.000000,10.000000,0.247654,1.684198,0.119509,1069.210280,-15099.442089,-1882673.710506,1
403,403,5.500000,20.000000,10.000000,0.247176,1.679789,0.112624,1070.959600,-15050.552323,-1877706.041476,1
404,404,5.500000,20.000000,10.000000,0.246627,1.675433,0.105996,1072.783751,-15001.573836,-1872739.838591,1
405,405,5.500000,20.000000,10.000000,0.246013,1.671138,0.099621,1074.669273,-14952.624608,-1867784.879957,1
406,406,5.500000,20.000000,10.000000,0.245343,1.666913,0.093493,1076.603422,-14903.815232,-1862850.367446,1
407,407,5.500000,20.000000,10.000000,0.244624,1.662764,0.087605,1078.574198,-14855.249006,-1857944.940890,1
408,408,5.500000,20.000000,10.000000,0.243862,1.658696,0.081949,1080.570366,-14807.022034,-1853076.687838,1
409,409,5.500000,20.000000,10.000000,0.243064,1.654715,0.076518,1082.581464,-14759.223307,-1848253.149744,1
410,410,5.500000,20.000000,10.000000,0.242236,1.650824,0.071304,1084.597802,-14711.934786,-1843481.325503,1
411,411,5.500000,20.000000,10.000000,0.241385,1.647027,0.066296,1086.610462,-14665.231491,-1838767.673166,1
412,412,5.500000,20.000000,10.000000,0.240517,1.643325,0.061487,1088.611278,-14619.181585,-1834118.110645,1
413,413,5.500000,20.000000,10.000000,0.239636,1.639720,0.056865,1090.592826,-14573.846478,-1829538.016137,1
414,414,5.500000,20.000000,10.000000,0.238748,1.636214,0.052422,1092.548399,-14529.280937,-1825032.228905,1
415,415,5.500000,20.000000,10.000000,0.237858,1.632807,0.048148,1094.471984,-14485.533210,-1820605.050988,1
416,416,5.500000,20.000000,10.000000,0.236969,1.629499,0.044031,1096.358231,-14442.645168,-1816260.250294,1
417,417,5.500000,20.000000,10.000000,0.236087,1.626289,0.040064,1098.202424,-14400.652464,-1812001.065437,1
418,418,5.500000,20.000000,10.000000,0.235215,1.623176,0.036235,1100.000454,-14359.584710,-1807830.212623,1
419,419,5.500000,20.000000,10.000000,0.234356,1.620159,0.032535,1101.748781,-14319.465673,-1803749.894734,1
420,420,5.500000,20.000000,10.000000,0.233514,1.617237,0.028954,1103.444404,-14280.313486,-1799761.812755,1
421,421,5.500000,20.000000,10.000000,0.232691,1.614407,0.025483,1105.084827,-14242.140880,-1795867.179547,1
422,422,5.500000,20.000000,10.000000,0.231890,1.611667,0.022112,1106.668029,-14204.955431,-1792066.735945,1
423,423,5.500000,20.000000,10.000000,0.231113,1.609015,0.018833,1108.192426,-14168.759820,-1788360.769089,1
424,424,5.500000,20.000000,10.000000,0.230362,1.606448,0.015638,1109.656847,-14133.552111,-1784749.132834,1
425,425,5.500000,20.000000,10.000000,0.229639,1.603964,0.012517,1111.060497,-14099.326030,-1781231.270076,1
426,426,5.500000,20.000000,10.000000,0.228944,1.601559,0.009463,1112.402929,-14066.071267,-1777806.236757,1
427,427,5.500000,20.000000,10.000000,0.228279,1.599232,0.006468,1113.684020,-14033.773774,-1774472.727339,1
428,428,5.500000,20.000000,10.000000,0.227645,1.596978,0.003525,1114.903937,-14002.416071,-1771229.101472,1
429,429,5.500000,20.000000,10.000000,0.227042,1.594795,0.000628,1116.063116,-13971.977558,-1768073.411602,1
430,430,5.500000,20.000000,10.000000,0.226471,1.592680,-0.002229,1117.162234,-13942.434823,-1765003.431258,1
431,431,5.500000,20.000000,10.000000,0.225932,1.590630,-0.005054,1118.202186,-13913.761951,-1762016.683756,1
432,432,5.500000,20.000000,10.000000,0.225425,1.588642,-0.007851,1119.184065,-13885.930830,-1759110.471050,1
433,433,5.500000,20.000000,10.000000,0.224950,1.586713,-0.010626,1120.109137,-13858.911447,-1756281.902509,1
434,434,5.500000,20.000000,10.000000,0.224506,1.584839,-0.013382,1120.978825,-13832.672185,-1753527.923371,1
435,435,5.500000,20.000000,10.000000,0.224093,1.583019,-0.016125,1121.794686,-13807.180105,-1750845.342670,1
436,436,5.500000,20.000000,10.000000,0.223710,1.581249,-0.018858,1122.558395,-13782.401218,-1748230.860435,1
437,437,5.500000,20.000000,10.000000,0.223357,1.579526,-0.021584,1123.271730,-13758.300751,-1745681.093995,1
438,438,5.500000,20.000000,10.000000,0.223032,1.577848,-0.024307,1123.936551,-13734.843395,-1743192.603220,1
439,439,5.500000,20.000000,10.000000,0.222735,1.576212,-0.027030,1124.554791,-13711.993543,-1740761.914584,1
440,440,5.500000,20.000000,10.000000,0.222464,1.574616,-0.029754,1125.128436,-13689.715514,-1738385.543921,1
441,441,5.500000,20.000000,10.000000,0.222219,1.573058,-0.032481,1125.659519,-13667.973758,-1736060.017792,1
442,442,5.500000,20.000000,10.000000,0.221998,1.571534,-0.035214,1126.150099,-13646.733054,-1733781.893385,1
443,443,5.500000,20.000000,10.000000,0.221800,1.570043,-0.037953,1126.602256,-13625.958688,-1731547.776907,1
444,444,5.500000,20.000000,10.000000,0.221624,1.568584,-0.040700,1127.018077,-13605.616611,-1729354.340413,1
445,445,5.500000,20.000000,10.000000,0.221469,1.567153,-0.043455,1127.399648,-13585.673593,-1727198.337081,1
446,446,5.500000,20.000000,10.000000,0.221332,1.565749,-0.046219,1127.749041,-13566.097352,-1725076.614910,1
447,447,5.500000,20.000000,10.000000,0.221213,1.564371,-0.048991,1128.068311,-13546.856671,-1722986.128864,1
448,448,5.500000,20.000000,10.000000,0.221110,1.563016,-0.051772,1128.359480,-13527.921503,-1720923.951486,1
449,449,5.500000,20.000000,10.000000,0.221023,1.561683,-0.054561,1128.624538,-13509.263059,-1718887.282021,1
450,450,5.500000,20.000000,10.000000,0.220949,1.560372,-0.057359,1128.865432,-13490.853878,-1716873.454082,1
451,451,5.500000,20.000000,10.000000,0.220887,1.559080,-0.060163,1129.084059,-13472.667894,-1714879.941938,1
452,452,5.500000,20.000000,10.000000,0.220836,1.557806,-0.062974,1129.282262,-13454.680483,-1712904.365461,1
453,453,5.500000,20.000000,10.000000,0.220796,1.556549,-0.065790,1129.461828,-13436.868497,-1710944.493819,1
454,454,5.500000,20.000000,10.000000,0.220763,1.555309,-0.068611,1129.624476,-13419.210290,-1708998.247972,1
455,455,5.500000,20.000000,10.000000,0.220738,1.554085,-0.071435,1129.771863,-13401.685736,-1707063.702066,1
456,456,5.500000,20.000000,10.000000,0.220719,1.552874,-0.074260,1129.905574,-13384.276228,-1705139.083776,1
457,457,5.500000,20.000000,10.000000,0.220705,1.551678,-0.077086,1130.027122,-13366.964677,-1703222.773712,1
458,458,5.500000,20.000000,10.000000,0.220695,1.550495,-0.079911,1130.137944,-13349.735498,-1701313.303931,1
459,459,5.500000,20.000000,10.000000,0.220688,1.549325,-0.082733,1130.239402,-13332.574588,-1699409.355663,1
460,460,5.500000,20.000000,10.000000,0.220683,1.548167,-0.085551,1130.332783,-13315.469299,-1697509.756312,1
461,461,5.500000,20.000000,10.000000,0.220679,1.547022,-0.088363,1130.419293,-13298.408403,-1695613.475819,1
462,462,5.500000,20.000000,10.000000,0.220675,1.545887,-0.091168,1130.500061,-13281.382054,-1693719.622452,1
463,463,5.500000,20.000000,10.000000,0.220670,1.544764,-0.093964,1130.576139,-13264.381740,-1691827.438102,1
464,464,5.500000,20.000000,10.000000,0.220664,1.543653,-0.096749,1130.648502,-13247.400237,-1689936.293149,1
465,465,5.500000,20.000000,10.000000,0.220656,1.542552,-0.099522,1130.718048,-13230.431553,-1688045.680963,1
466,466,5.500000,20.000000,10.000000,0.220646,1.541462,-0.102280,1130.785602,-13213.470877,-1686155.212106,1
467,467,5.500000,20.000000,10.000000,0.220632,1.540382,-0.105024,1130.851913,-13196.514513,-1684264.608287,1
468,468,5.500000,20.000000,10.000000,0.220615,1.539314,-0.107751,1130.917660,-13179.559828,-1682373.696129,1
469,469,5.500000,20.000000,10.000000,0.220593,1.538256,-0.110459,1130.983455,-13162.605183,-1680482.400800,1
470,470,5.500000,20.000000,10.000000,0.220567,1.537209,-0.113147,1131.049838,-13145.649874,-1678590.739545,1
471,471,5.500000,20.000000,10.000000,0.220536,1.536173,-0.115815,1131.117290,-13128.694067,-1676698.815178,1
472,472,5.500000,20.000000,10.000000,0.220500,1.535148,-0.118460,1131.186227,-13111.738734,-1674806.809557,1
473,473,5.500000,20.000000,10.000000,0.220458,1.534134,-0.121082,1131.257008,-13094.785589,-1672914.977096,1
474,474,5.500000,20.000000,10.000000,0.220411,1.533131,-0.123679,1131.329933,-13077.837027,-1671023.638326,1
475,475,5.500000,20.000000,10.000000,0.220358,1.532139,-0.126250,1131.405252,-13060.896058,-1669133.173559,1
476,476,5.500000,20.000000,10.000000,0.220299,1.531158,-0.128795,1131.483164,-13043.966247,-1667244.016658,1
477,477,5.500000,20.000000,10.000000,0.220234,1.530190,-0.131312,1131.563822,-13027.051654,-1665356.648959,1
478,478,5.500000,20.000000,10.000000,0.220162,1.529232,-0.133800,1131.647334,-13010.156777,-1663471.593342,1
479,479,5.500000,20.000000,10.000000,0.220085,1.528287,-0.136260,1131.733768,-12993.286492,-1661589.408494,1
480,480,5.500000,20.000000,10.000000,0.220002,1.527353,-0.138689,1131.823155,-12976.445999,-1659710.683368,1
481,481,5.500000,20.000000,10.000000,0.219913,1.526432,-0.141088,1131.915491,-12959.640770,-1657836.031844,1
482,482,5.500000,20.000000,10.000000,0.219818,1.525523,-0.143456,1132.010740,-12942.876497,-1655966.087621,1
483,483,5.500000,20.000000,10.000000,0.219717,1.524625,-0.145792,1132.108840,-12926.159046,-1654101.499342,1
484,484,5.500000,20.000000,10.000000,0.219611,1.523741,-0.148097,1132.209700,-12909.494406,-1652242.925952,1
485,485,5.500000,20.000000,10.000000,0.219500,1.522868,-0.150370,1132.313210,-12892.888649,-1650391.032308,1
486,486,5.500000,20.000000,10.000000,0.219383,1.522009,-0.152610,1132.419236,-12876.347889,-1648546.485046,1
487,487,5.500000,20.000000,10.000000,0.219261,1.521161,-0.154818,1132.527631,-12859.878240,-1646709.948686,1
488,488,5.500000,20.000000,10.000000,0.219135,1.520327,-0.156994,1132.638228,-12843.485783,-1644882.082015,1
489,489,5.500000,20.000000,10.000000,0.219004,1.519505,-0.159136,1132.750852,-12827.176531,-1643063.534709,1
490,490,5.500000,20.000000,10.000000,0.218868,1.518695,-0.161247,1132.865314,-12810.956397,-1641254.944221,1
491,491,5.500000,20.000000,10.000000,0.218729,1.517899,-0.163325,1132.981419,-12794.831168,-1639456.932926,1
492,492,5.500000,20.000000,10.000000,0.218586,1.517114,-0.165371,1133.098966,-12778.806475,-1637670.105507,1
493,493,5.500000,20.000000,10.000000,0.218439,1.516343,-0.167384,1133.217746,-12762.887774,-1635895.046604,1
494,494,5.500000,20.000000,10.000000,0.218290,1.515584,-0.169366,1133.337551,-12747.080320,-1634132.318697,1
495,495,5.500000,20.000000,10.000000,0.218137,1.514838,-0.171317,1133.458171,-12731.389153,-1632382.460232,1
496,496,5.500000,20.000000,10.000000,0.217981,1.514103,-0.173236,1133.579395,-12715.819078,-1630645.983980,1
497,497,5.500000,20.000000,10.000000,0.217824,1.513382,-0.175124,1133.701015,-12700.374652,-1628923.375621,1
498,498,5.500000,20.000000,10.000000,0.217664,1.512672,-0.176983,1133.822827,-12685.060170,-1627215.092552,1
499,499,5.500000,20.000000,10.000000,0.217502,1.511975,-0.178811,1133.944628,-12669.879660,-1625521.562900,1
500,500,5.500000,20.000000,10.000000,0.217339,1.511289,-0.180610,1134.066222,-12654.836869,-1623843.184740,1
501,501,5.500000,20.000000,10.000000,0.217175,1.510616,-0.182380,1134.187420,-12639.935260,-1622180.325516,1
502,502,5.500000,20.000000,10.000000,0.217009,1.509954,-0.184122,1134.308038,-12625.178007,-1620533.321632,1
503,503,5.500000,20.000000,10.000000,0.216843,1.509304,-0.185835,1134.427900,-12610.567995,-1618902.478239,1
504,504,5.500000,20.000000,10.000000,0.216676,1.508665,-0.187522,1134.546838,-12596.107813,-1617288.069168,1
505,505,5.500000,20.000000,10.000000,0.216508,1.508037,-0.189181,1134.664692,-12581.799761,-1615690.337039,1
506,506,5.500000,20.000000,10.000000,0.216341,1.507420,-0.190815,1134.781312,-12567.645849,-1614109.493505,1
507,507,5.500000,20.000000,10.000000,0.216174,1.506814,-0.192423,1134.896558,-12553.647798,-1612545.719640,1
508,508,5.500000,20.000000,10.000000,0.216007,1.506219,-0.194006,1135.010296,-12539.807052,-1610999.166447,1
509,509,5.500000,20.000000,10.000000,0.215840,1.505634,-0.195565,1135.122406,-12526.124774,-1609469.955492,1
510,510,5.500000,20.000000,10.000000,0.215675,1.505060,-0.197100,1135.232775,-12512.601862,-1607958.179641,1
511,511,5.500000,20.000000,10.000000,0.215510,1.504495,-0.198612,1135.341301,-12499.238949,-1606463.903886,1
512,512,5.500000,20.000000,10.000000,0.215346,1.503940,-0.200101,1135.447892,-12486.036417,-1604987.166277,1
513,513,5.500000,20.000000,10.000000,0.215183,1.503395,-0.201568,1135.552464,-12472.994404,-1603527.978911,1
514,514,5.500000,20.000000,10.000000,0.215021,1.502859,-0.203014,1135.654945,-12460.112814,-1602086.329001,1
515,515,5.500000,20.000000,10.000000,0.214861,1.502333,-0.204439,1135.755270,-12447.391327,-1600662.180002,1
516,516,5.500000,20.000000,10.000000,0.214703,1.501815,-0.205844,1135.853387,-12434.829411,-1599255.472784,1
517,517,5.500000,20.000000,10.000000,0.214546,1.501306,-0.207229,1135.949250,-12422.426334,-1597866.126845,1
518,518,5.500000,20.000000,10.000000,0.214390,1.500806,-0.208595,1136.042821,-12410.181173,-1596494.041561,1
519,519,5.500000,20.000000,10.000000,0.214237,1.500314,-0.209942,1136.134075,-12398.092827,-1595139.097457,1
520,520,5.500000,20.000000,10.000000,0.214085,1.499830,-0.211271,1136.222990,-12386.160033,-1593801.157493,1
521,521,5.500000,20.000000,10.000000,0.213935,1.499354,-0.212582,1136.309555,-12374.381370,-1592480.068362,1
522,522,5.500000,20.000000,10.000000,0.213788,1.498886,-0.213876,1136.393767,-12362.755279,-1591175.661788,1
523,523,5.500000,20.000000,10.000000,0.213642,1.498426,-0.215154,1136.475627,-12351.280071,-1589887.755825,1
524,524,5.500000,20.000000,10.000000,0.213498,1.497972,-0.216415,1136.555145,-12339.953941,-1588616.156134,1
525,525,5.500000,20.000000,10.000000,0.213356,1.497526,-0.217660,1136.632337,-12328.774975,-1587360.657257,1
526,526,5.500000,20.000000,10.000000,0.213217,1.497087,-0.218890,1136.707225,-12317.741171,-1586121.043857,1
527,527,5.500000,20.000000,10.000000,0.213079,1.496655,-0.220104,1136.779837,-12306.850440,-1584897.091944,1
528,528,5.500000,20.000000,10.000000,0.212944,1.496229,-0.221304,1136.850205,-12296.100625,-1583688.570058,1
529,529,5.500000,20.000000,10.000000,0.212811,1.495810,-0.222490,1136.918366,-12285.489508,-1582495.240422,1
530,530,5.500000,20.000000,10.000000,0.212679,1.495397,-0.223661,1136.984362,-12275.014821,-1581316.860063,1
531,531,5.500000,20.000000,10.000000,0.212550,1.494990,-0.224819,1137.048238,-12264.674255,-1580153.181877,1
532,532,5.500000,20.000000,10.000000,0.212423,1.494589,-0.225963,1137.110044,-12254.465474,-1579003.955663,1
533,533,5.500000,20.000000,10.000000,0.212298,1.494194,-0.227095,1137.169833,-12244.386118,-1577868.929101,1
534,534,5.500000,20.000000,10.000000,0.212174,1.493805,-0.228213,1137.227658,-12234.433817,-1576747.848686,1
535,535,5.500000,20.000000,10.000000,0.212053,1.493421,-0.229319,1137.283578,-12224.606196,-1575640.460609,1
536,536,5.500000,20.000000,10.000000,0.211934,1.493043,-0.230412,1137.337651,-12214.900885,-1574546.511587,1
537,537,5.500000,20.000000,10.000000,0.211816,1.492670,-0.231494,1137.389941,-12205.315523,-1573465.749639,1
538,538,5.500000,20.000000,10.000000,0.211700,1.492302,-0.232563,1137.440509,-12195.847768,-1572397.924815,1
539,539,5.500000,20.000000,10.000000,0.211586,1.491939,-0.233621,1137.489418,-12186.495305,-1571342.789858,1
540,540,5.500000,20.000000,10.000000,0.211474,1.491581,-0.234666,1137.536735,-12177.255845,-1570300.100826,1
541,541,5.500000,20.000000,10.000000,0.211363,1.491228,-0.235701,1137.582523,-12168.127136,-1569269.617656,1
542,542,5.500000,20.000000,10.000000,0.211254,1.490880,-0.236724,1137.626848,-12159.106967,-1568251.104670,1
543,543,5.500000,20.000000,10.000000,0.211147,1.490537,-0.237736,1137.669775,-12150.193172,-1567244.331037,1
544,544,5.500000,20.000000,10.000000,0.211041,1.490198,-0.238738,1137.711370,-12141.383631,-1566249.071179,1
545,545,5.500000,20.000000,10.000000,0.210936,1.489863,-0.239728,1137.751697,-12132.676277,-1565265.105129,1
546,546,5.500000,20.000000,10.000000,0.210833,1.489533,-0.240707,1137.790819,-12124.069099,-1564292.218839,1
547,547,5.500000,20.000000,10.000000,0.210731,1.489207,-0.241676,1137.828800,-12115.560143,-1563330.204444,1
548,548,5.500000,20.000000,10.000000,0.210630,1.488886,-0.242634,1137.865702,-12107.147511,-1562378.860478,1
549,549,5.500000,20.000000,10.000000,0.210531,1.488568,-0.243582,1137.901584,-12098.829371,-1561437.992046,1
550,550,5.500000,20.000000,10.000000,0.210432,1.488255,-0.244519,1137.936507,-12090.603950,-1560507.410957,1
551,551,5.500000,20.000000,10.000000,0.210335,1.487946,-0.245446,1137.970529,-12082.469540,-1559586.935816,1
552,552,5.500000,20.000000,10.000000,0.210239,1.487640,-0.246363,1138.003704,-12074.424495,-1558676.392081,1
553,553,5.500000,20.000000,10.000000,0.210144,1.487339,-0.247270,1138.036088,-12066.467235,-1557775.612076,1
554,554,5.500000,20.000000,10.000000,0.210050,1.487042,-0.248166,1138.067733,-12058.596243,-1556884.434984,1
555,555,5.500000,20.000000,10.000000,0.209957,1.486748,-0.249052,1138.098689,-12050.810066,-1556002.706796,1
556,556,5.500000,20.000000,10.000000,0.209864,1.486458,-0.249928,1138.129006,-12043.107314,-1555130.280244,1
557,557,5.500000,20.000000,10.000000,0.209773,1.486172,-0.250795,1138.158730,-12035.486659,-1554267.014692,1
558,558,5.500000,20.000000,10.000000,0.209682,1.485889,-0.251651,1138.187906,-12027.946834,-1553412.776019,1
559,559,5.500000,20.000000,10.000000,0.209592,1.485610,-0.252497,1138.216576,-12020.486632,-1552567.436465,1
560,560,5.500000,20.000000,10.000000,0.209503,1.485335,-0.253334,1138.244780,-12013.104904,-1551730.874471,1
561,561,5.500000,20.000000,10.000000,0.209414,1.485063,-0.254160,1138.272557,-12005.800557,-1550902.974488,1
562,562,5.500000,20.000000,10.000000,0.209326,1.484795,-0.254977,1138.299944,-11998.572556,-1550083.626777,1
563,563,5.500000,20.000000,10.000000,0.209239,1.484530,-0.255784,1138.326974,-11991.419913,-1549272.727199,1
564,564,5.500000,20.000000,10.000000,0.209152,1.484269,-0.256581,1138.353679,-11984.341697,-1548470.176982,1
565,565,5.500000,20.000000,10.000000,0.209066,1.484011,-0.257369,1138.380089,-11977.337020,-1547675.882488,1
566,566,5.500000,20.000000,10.000000,0.208980,1.483756,-0.258147,1138.406233,-11970.405045,-1546889.754969,1
567,567,5.500000,20.000000,10.000000,0.208895,1.483505,-0.258916,1138.432136,-11963.544976,-1546111.710313,1
568,568,5.500000,20.000000,10.000000,0.208811,1.483257,-0.259675,1138.457822,-11956.756060,-1545341.668790,1
569,569,5.500000,20.000000,10.000000,0.208727,1.483012,-0.260424,1138.483315,-11950.037584,-1544579.554793,1
570,570,5.500000,20.000000,10.000000,0.208643,1.482771,-0.261164,1138.508634,-11943.388869,-1543825.296580,1
571,571,5.500000,20.000000,10.000000,0.208560,1.482533,-0.261895,1138.533797,-11936.809273,-1543078.826007,1
572,572,5.500000,20.000000,10.000000,0.208477,1.482297,-0.262616,1138.558823,-11930.298187,-1542340.078274,1
573,573,5.500000,20.000000,10.000000,0.208395,1.482065,-0.263328,1138.583726,-11923.855029,-1541608.991666,1
574,574,5.500000,20.000000,10.000000,0.208313,1.481837,-0.264031,1138.608519,-11917.479247,-1540885.507300,1
575,575,5.500000,20.000000,10.000000,0.208232,1.481611,-0.264724,1138.633217,-11911.170311,-1540169.568873,1
576,576,5.500000,20.000000,10.000000,0.208151,1.481388,-0.265409,1138.657828,-11904.927718,-1539461.122422,1
577,577,5.500000,20.000000,10.000000,0.208070,1.481168,-0.266084,1138.682364,-11898.750981,-1538760.116085,1
578,578,5.500000,20.000000,10.000000,0.207990,1.480952,-0.266750,1138.706831,-11892.639636,-1538066.499869,1
579,579,5.500000,20.000000,10.000000,0.207910,1.480738,-0.267408,1138.731238,-11886.593232,-1537380.225432,1
580,580,5.500000,20.000000,10.000000,0.207830,1.480527,-0.268056,1138.755590,-11880.611334,-1536701.245864,1
581,581,5.500000,20.000000,10.000000,0.207751,1.480319,-0.268696,1138.779892,-11874.693520,-1536029.515488,1
582,582,5.500000,20.000000,10.000000,0.207673,1.480114,-0.269327,1138.804149,-11868.839377,-1535364.989657,1
583,583,5.500000,20.000000,10.000000,0.207595,1.479912,-0.269949,1138.828362,-11863.048502,-1534707.624578,1
584,584,5.500000,20.000000,10.000000,0.207517,1.479712,-0.270563,1138.852535,-11857.320500,-1534057.377126,1
585,585,5.500000,20.000000,10.000000,0.207439,1.479516,-0.271168,1138.876669,-11851.654980,-1533414.204688,1
586,586,5.500000,20.000000,10.000000,0.207362,1.479322,-0.271764,1138.900765,-11846.051557,-1532778.065003,1
587,587,5.500000,20.000000,10.000000,0.207286,1.479131,-0.272353,1138.924822,-11840.509849,-1532148.916021,1
588,588,5.500000,20.000000,10.000000,0.207209,1.478942,-0.272933,1138.948842,-11835.029474,-1531526.715767,1
589,589,5.500000,20.000000,10.000000,0.207134,1.478756,-0.273505,1138.972821,-11829.610051,-1530911.422219,1
590,590,5.500000,20.000000,10.000000,0.207058,1.478573,-0.274068,1138.996760,-11824.251200,-1530302.993201,1
591,591,5.500000,20.000000,10.000000,0.206983,1.478393,-0.274624,1139.020657,-11818.952538,-1529701.386272,1
592,592,5.500000,20.000000,10.000000,0.206909,1.478215,-0.275172,1139.044509,-11813.713681,-1529106.558643,1
593,593,5.500000,20.000000,10.000000,0.206835,1.478039,-0.275712,1139.068315,-11808.534240,-1528518.467094,1
594,594,5.500000,20.000000,10.000000,0.206761,1.477866,-0.276244,1139.092071,-11803.413823,-1527937.067898,1
595,595,5.500000,20.000000,10.000000,0.206688,1.477696,-0.276768,1139.115775,-11798.352035,-1527362.316767,1
596,596,5.500000,20.000000,10.000000,0.206615,1.477527,-0.277285,1139.139424,-11793.348473,-1526794.168793,1
597,597,5.500000,20.000000,10.000000,0.206543,1.477362,-0.277795,1139.163015,-11788.402730,-1526232.578409,1
598,598,5.500000,20.000000,10.000000,0.206471,1.477198,-0.278297,1139.186545,-11783.514395,-1525677.499350,1
599,599,5.500000,20.000000,10.000000,0.206400,1.477038,-0.278791,1139.210011,-11778.683049,-1525128.884632,1
600,600,5.500000,20.000000,10.000000,0.206329,1.476879,-0.279279,1139.233410,-11773.908267,-1524586.686528,1
